readout,H_post_slots,elapsed_seconds,family,stage_endpoint,transfers,completed_symmetric_blocks,readings,physical_contract,direction_status,uniform_mean_status,uniform_variance_status,risk_status
average250,40,11,stay,,0,0,44,INHERITED_RULES_CHECKED,NOT_RUN,NOT_RUN,NOT_RUN,NOT_RUN
average250,40,11,fixed20,,1,0,32,INHERITED_RULES_CHECKED,NOT_RUN,NOT_RUN,NOT_RUN,NOT_RUN
average250,40,11,fixed40,,0,0,44,INHERITED_RULES_CHECKED,NOT_RUN,NOT_RUN,NOT_RUN,NOT_RUN
average250,40,11,fixed76,,0,0,44,INHERITED_RULES_CHECKED,NOT_RUN,NOT_RUN,NOT_RUN,NOT_RUN
average250,40,11,terminal_balanced,,2,1,20,INHERITED_RULES_CHECKED,NOT_RUN,NOT_RUN,NOT_RUN,NOT_RUN
average250,40,11,switch_then_stay,20,0,0,44,INHERITED_RULES_CHECKED,NOT_RUN,NOT_RUN,NOT_RUN,NOT_RUN
average250,40,11,switch_then_stay,40,2,1,20,INHERITED_RULES_CHECKED,NOT_RUN,NOT_RUN,NOT_RUN,NOT_RUN
average250,60,16,stay,,0,0,64,INHERITED_RULES_CHECKED,NOT_RUN,NOT_RUN,NOT_RUN,NOT_RUN
average250,60,16,fixed20,,1,0,52,INHERITED_RULES_CHECKED,NOT_RUN,NOT_RUN,NOT_RUN,NOT_RUN
average250,60,16,fixed40,,1,0,52,INHERITED_RULES_CHECKED,NOT_RUN,NOT_RUN,NOT_RUN,NOT_RUN
average250,60,16,fixed76,,0,0,64,INHERITED_RULES_CHECKED,NOT_RUN,NOT_RUN,NOT_RUN,NOT_RUN
average250,60,16,terminal_balanced,,2,1,40,INHERITED_RULES_CHECKED,NOT_RUN,NOT_RUN,NOT_RUN,NOT_RUN
average250,60,16,switch_then_stay,20,0,0,64,INHERITED_RULES_CHECKED,NOT_RUN,NOT_RUN,NOT_RUN,NOT_RUN
average250,60,16,switch_then_stay,40,2,1,40,INHERITED_RULES_CHECKED,NOT_RUN,NOT_RUN,NOT_RUN,NOT_RUN
average250,60,16,switch_then_stay,60,2,1,40,INHERITED_RULES_CHECKED,NOT_RUN,NOT_RUN,NOT_RUN,NOT_RUN
average250,80,21,stay,,0,0,84,INHERITED_RULES_CHECKED,NOT_RUN,NOT_RUN,NOT_RUN,NOT_RUN
average250,80,21,fixed20,,2,0,60,INHERITED_RULES_CHECKED,NOT_RUN,NOT_RUN,NOT_RUN,NOT_RUN
average250,80,21,fixed40,,1,0,72,INHERITED_RULES_CHECKED,NOT_RUN,NOT_RUN,NOT_RUN,NOT_RUN
average250,80,21,fixed76,,0,0,84,INHERITED_RULES_CHECKED,NOT_RUN,NOT_RUN,NOT_RUN,NOT_RUN
average250,80,21,terminal_balanced,,4,2,36,INHERITED_RULES_CHECKED,NOT_RUN,NOT_RUN,NOT_RUN,NOT_RUN
average250,80,21,switch_then_stay,20,0,0,84,INHERITED_RULES_CHECKED,NOT_RUN,NOT_RUN,NOT_RUN,NOT_RUN
average250,80,21,switch_then_stay,40,2,1,60,INHERITED_RULES_CHECKED,NOT_RUN,NOT_RUN,NOT_RUN,NOT_RUN
average250,80,21,switch_then_stay,60,2,1,60,INHERITED_RULES_CHECKED,NOT_RUN,NOT_RUN,NOT_RUN,NOT_RUN
average250,80,21,switch_then_stay,80,4,2,36,INHERITED_RULES_CHECKED,NOT_RUN,NOT_RUN,NOT_RUN,NOT_RUN
average250,100,26,stay,,0,0,104,INHERITED_RULES_CHECKED,NOT_RUN,NOT_RUN,NOT_RUN,NOT_RUN
average250,100,26,fixed20,,3,0,68,INHERITED_RULES_CHECKED,NOT_RUN,NOT_RUN,NOT_RUN,NOT_RUN
average250,100,26,fixed40,,1,0,92,INHERITED_RULES_CHECKED,NOT_RUN,NOT_RUN,NOT_RUN,NOT_RUN
average250,100,26,fixed76,,1,0,92,INHERITED_RULES_CHECKED,NOT_RUN,NOT_RUN,NOT_RUN,NOT_RUN
average250,100,26,terminal_balanced,,4,2,56,INHERITED_RULES_CHECKED,NOT_RUN,NOT_RUN,NOT_RUN,NOT_RUN
average250,100,26,switch_then_stay,20,0,0,104,INHERITED_RULES_CHECKED,NOT_RUN,NOT_RUN,NOT_RUN,NOT_RUN
average250,100,26,switch_then_stay,40,2,1,80,INHERITED_RULES_CHECKED,NOT_RUN,NOT_RUN,NOT_RUN,NOT_RUN
average250,100,26,switch_then_stay,60,2,1,80,INHERITED_RULES_CHECKED,NOT_RUN,NOT_RUN,NOT_RUN,NOT_RUN
average250,100,26,switch_then_stay,80,4,2,56,INHERITED_RULES_CHECKED,NOT_RUN,NOT_RUN,NOT_RUN,NOT_RUN
average250,100,26,switch_then_stay,100,4,2,56,INHERITED_RULES_CHECKED,NOT_RUN,NOT_RUN,NOT_RUN,NOT_RUN
average250,120,31,stay,,0,0,124,INHERITED_RULES_CHECKED,NOT_RUN,NOT_RUN,NOT_RUN,NOT_RUN
average250,120,31,fixed20,,3,0,88,INHERITED_RULES_CHECKED,NOT_RUN,NOT_RUN,NOT_RUN,NOT_RUN
average250,120,31,fixed40,,2,0,100,INHERITED_RULES_CHECKED,NOT_RUN,NOT_RUN,NOT_RUN,NOT_RUN
average250,120,31,fixed76,,1,0,112,INHERITED_RULES_CHECKED,NOT_RUN,NOT_RUN,NOT_RUN,NOT_RUN
average250,120,31,terminal_balanced,,4,2,76,INHERITED_RULES_CHECKED,NOT_RUN,NOT_RUN,NOT_RUN,NOT_RUN
average250,120,31,switch_then_stay,20,0,0,124,INHERITED_RULES_CHECKED,NOT_RUN,NOT_RUN,NOT_RUN,NOT_RUN
average250,120,31,switch_then_stay,40,2,1,100,INHERITED_RULES_CHECKED,NOT_RUN,NOT_RUN,NOT_RUN,NOT_RUN
average250,120,31,switch_then_stay,60,2,1,100,INHERITED_RULES_CHECKED,NOT_RUN,NOT_RUN,NOT_RUN,NOT_RUN
average250,120,31,switch_then_stay,80,4,2,76,INHERITED_RULES_CHECKED,NOT_RUN,NOT_RUN,NOT_RUN,NOT_RUN
average250,120,31,switch_then_stay,100,4,2,76,INHERITED_RULES_CHECKED,NOT_RUN,NOT_RUN,NOT_RUN,NOT_RUN
average250,120,31,switch_then_stay,120,4,2,76,INHERITED_RULES_CHECKED,NOT_RUN,NOT_RUN,NOT_RUN,NOT_RUN
average250,160,41,stay,,0,0,164,INHERITED_RULES_CHECKED,NOT_RUN,NOT_RUN,NOT_RUN,NOT_RUN
average250,160,41,fixed20,,4,0,116,INHERITED_RULES_CHECKED,NOT_RUN,NOT_RUN,NOT_RUN,NOT_RUN
average250,160,41,fixed40,,3,0,128,INHERITED_RULES_CHECKED,NOT_RUN,NOT_RUN,NOT_RUN,NOT_RUN
average250,160,41,fixed76,,1,0,152,INHERITED_RULES_CHECKED,NOT_RUN,NOT_RUN,NOT_RUN,NOT_RUN
average250,160,41,terminal_balanced,,6,3,92,INHERITED_RULES_CHECKED,NOT_RUN,NOT_RUN,NOT_RUN,NOT_RUN
average250,160,41,switch_then_stay,20,0,0,164,INHERITED_RULES_CHECKED,NOT_RUN,NOT_RUN,NOT_RUN,NOT_RUN
average250,160,41,switch_then_stay,40,2,1,140,INHERITED_RULES_CHECKED,NOT_RUN,NOT_RUN,NOT_RUN,NOT_RUN
average250,160,41,switch_then_stay,60,2,1,140,INHERITED_RULES_CHECKED,NOT_RUN,NOT_RUN,NOT_RUN,NOT_RUN
average250,160,41,switch_then_stay,80,4,2,116,INHERITED_RULES_CHECKED,NOT_RUN,NOT_RUN,NOT_RUN,NOT_RUN
average250,160,41,switch_then_stay,100,4,2,116,INHERITED_RULES_CHECKED,NOT_RUN,NOT_RUN,NOT_RUN,NOT_RUN
average250,160,41,switch_then_stay,120,4,2,116,INHERITED_RULES_CHECKED,NOT_RUN,NOT_RUN,NOT_RUN,NOT_RUN
average250,160,41,switch_then_stay,140,6,3,92,INHERITED_RULES_CHECKED,NOT_RUN,NOT_RUN,NOT_RUN,NOT_RUN
average250,160,41,switch_then_stay,160,6,3,92,INHERITED_RULES_CHECKED,NOT_RUN,NOT_RUN,NOT_RUN,NOT_RUN
average250,200,51,stay,,0,0,204,INHERITED_RULES_CHECKED,NOT_RUN,NOT_RUN,NOT_RUN,NOT_RUN
average250,200,51,fixed20,,6,0,132,INHERITED_RULES_CHECKED,NOT_RUN,NOT_RUN,NOT_RUN,NOT_RUN
average250,200,51,fixed40,,3,0,168,INHERITED_RULES_CHECKED,NOT_RUN,NOT_RUN,NOT_RUN,NOT_RUN
average250,200,51,fixed76,,2,0,180,INHERITED_RULES_CHECKED,NOT_RUN,NOT_RUN,NOT_RUN,NOT_RUN
average250,200,51,terminal_balanced,,8,4,108,INHERITED_RULES_CHECKED,NOT_RUN,NOT_RUN,NOT_RUN,NOT_RUN
average250,200,51,switch_then_stay,20,0,0,204,INHERITED_RULES_CHECKED,NOT_RUN,NOT_RUN,NOT_RUN,NOT_RUN
average250,200,51,switch_then_stay,40,2,1,180,INHERITED_RULES_CHECKED,NOT_RUN,NOT_RUN,NOT_RUN,NOT_RUN
average250,200,51,switch_then_stay,60,2,1,180,INHERITED_RULES_CHECKED,NOT_RUN,NOT_RUN,NOT_RUN,NOT_RUN
average250,200,51,switch_then_stay,80,4,2,156,INHERITED_RULES_CHECKED,NOT_RUN,NOT_RUN,NOT_RUN,NOT_RUN
average250,200,51,switch_then_stay,100,4,2,156,INHERITED_RULES_CHECKED,NOT_RUN,NOT_RUN,NOT_RUN,NOT_RUN
average250,200,51,switch_then_stay,120,4,2,156,INHERITED_RULES_CHECKED,NOT_RUN,NOT_RUN,NOT_RUN,NOT_RUN
average250,200,51,switch_then_stay,140,6,3,132,INHERITED_RULES_CHECKED,NOT_RUN,NOT_RUN,NOT_RUN,NOT_RUN
average250,200,51,switch_then_stay,160,6,3,132,INHERITED_RULES_CHECKED,NOT_RUN,NOT_RUN,NOT_RUN,NOT_RUN
average250,200,51,switch_then_stay,180,6,3,132,INHERITED_RULES_CHECKED,NOT_RUN,NOT_RUN,NOT_RUN,NOT_RUN
average250,200,51,switch_then_stay,200,8,4,108,INHERITED_RULES_CHECKED,NOT_RUN,NOT_RUN,NOT_RUN,NOT_RUN
average250,240,61,stay,,0,0,244,INHERITED_RULES_CHECKED,NOT_RUN,NOT_RUN,NOT_RUN,NOT_RUN
average250,240,61,fixed20,,7,0,160,INHERITED_RULES_CHECKED,NOT_RUN,NOT_RUN,NOT_RUN,NOT_RUN
average250,240,61,fixed40,,4,0,196,INHERITED_RULES_CHECKED,NOT_RUN,NOT_RUN,NOT_RUN,NOT_RUN
average250,240,61,fixed76,,2,0,220,INHERITED_RULES_CHECKED,NOT_RUN,NOT_RUN,NOT_RUN,NOT_RUN
average250,240,61,terminal_balanced,,8,4,148,INHERITED_RULES_CHECKED,NOT_RUN,NOT_RUN,NOT_RUN,NOT_RUN
average250,240,61,switch_then_stay,20,0,0,244,INHERITED_RULES_CHECKED,NOT_RUN,NOT_RUN,NOT_RUN,NOT_RUN
average250,240,61,switch_then_stay,40,2,1,220,INHERITED_RULES_CHECKED,NOT_RUN,NOT_RUN,NOT_RUN,NOT_RUN
average250,240,61,switch_then_stay,60,2,1,220,INHERITED_RULES_CHECKED,NOT_RUN,NOT_RUN,NOT_RUN,NOT_RUN
average250,240,61,switch_then_stay,80,4,2,196,INHERITED_RULES_CHECKED,NOT_RUN,NOT_RUN,NOT_RUN,NOT_RUN
average250,240,61,switch_then_stay,100,4,2,196,INHERITED_RULES_CHECKED,NOT_RUN,NOT_RUN,NOT_RUN,NOT_RUN
average250,240,61,switch_then_stay,120,4,2,196,INHERITED_RULES_CHECKED,NOT_RUN,NOT_RUN,NOT_RUN,NOT_RUN
average250,240,61,switch_then_stay,140,6,3,172,INHERITED_RULES_CHECKED,NOT_RUN,NOT_RUN,NOT_RUN,NOT_RUN
average250,240,61,switch_then_stay,160,6,3,172,INHERITED_RULES_CHECKED,NOT_RUN,NOT_RUN,NOT_RUN,NOT_RUN
average250,240,61,switch_then_stay,180,6,3,172,INHERITED_RULES_CHECKED,NOT_RUN,NOT_RUN,NOT_RUN,NOT_RUN
average250,240,61,switch_then_stay,200,8,4,148,INHERITED_RULES_CHECKED,NOT_RUN,NOT_RUN,NOT_RUN,NOT_RUN
average250,240,61,switch_then_stay,220,8,4,148,INHERITED_RULES_CHECKED,NOT_RUN,NOT_RUN,NOT_RUN,NOT_RUN
average250,240,61,switch_then_stay,240,8,4,148,INHERITED_RULES_CHECKED,NOT_RUN,NOT_RUN,NOT_RUN,NOT_RUN
average250,300,76,stay,,0,0,304,INHERITED_RULES_CHECKED,NOT_RUN,NOT_RUN,NOT_RUN,NOT_RUN
average250,300,76,fixed20,,9,0,196,INHERITED_RULES_CHECKED,NOT_RUN,NOT_RUN,NOT_RUN,NOT_RUN
average250,300,76,fixed40,,5,0,244,INHERITED_RULES_CHECKED,NOT_RUN,NOT_RUN,NOT_RUN,NOT_RUN
average250,300,76,fixed76,,3,0,268,INHERITED_RULES_CHECKED,NOT_RUN,NOT_RUN,NOT_RUN,NOT_RUN
average250,300,76,terminal_balanced,,10,5,184,INHERITED_RULES_CHECKED,NOT_RUN,NOT_RUN,NOT_RUN,NOT_RUN
average250,300,76,switch_then_stay,20,0,0,304,INHERITED_RULES_CHECKED,NOT_RUN,NOT_RUN,NOT_RUN,NOT_RUN
average250,300,76,switch_then_stay,40,2,1,280,INHERITED_RULES_CHECKED,NOT_RUN,NOT_RUN,NOT_RUN,NOT_RUN
average250,300,76,switch_then_stay,60,2,1,280,INHERITED_RULES_CHECKED,NOT_RUN,NOT_RUN,NOT_RUN,NOT_RUN
average250,300,76,switch_then_stay,80,4,2,256,INHERITED_RULES_CHECKED,NOT_RUN,NOT_RUN,NOT_RUN,NOT_RUN
average250,300,76,switch_then_stay,100,4,2,256,INHERITED_RULES_CHECKED,NOT_RUN,NOT_RUN,NOT_RUN,NOT_RUN
average250,300,76,switch_then_stay,120,4,2,256,INHERITED_RULES_CHECKED,NOT_RUN,NOT_RUN,NOT_RUN,NOT_RUN
average250,300,76,switch_then_stay,140,6,3,232,INHERITED_RULES_CHECKED,NOT_RUN,NOT_RUN,NOT_RUN,NOT_RUN
average250,300,76,switch_then_stay,160,6,3,232,INHERITED_RULES_CHECKED,NOT_RUN,NOT_RUN,NOT_RUN,NOT_RUN
average250,300,76,switch_then_stay,180,6,3,232,INHERITED_RULES_CHECKED,NOT_RUN,NOT_RUN,NOT_RUN,NOT_RUN
average250,300,76,switch_then_stay,200,8,4,208,INHERITED_RULES_CHECKED,NOT_RUN,NOT_RUN,NOT_RUN,NOT_RUN
average250,300,76,switch_then_stay,220,8,4,208,INHERITED_RULES_CHECKED,NOT_RUN,NOT_RUN,NOT_RUN,NOT_RUN
average250,300,76,switch_then_stay,240,8,4,208,INHERITED_RULES_CHECKED,NOT_RUN,NOT_RUN,NOT_RUN,NOT_RUN
average250,300,76,switch_then_stay,260,10,5,184,INHERITED_RULES_CHECKED,NOT_RUN,NOT_RUN,NOT_RUN,NOT_RUN
average250,300,76,switch_then_stay,280,10,5,184,INHERITED_RULES_CHECKED,NOT_RUN,NOT_RUN,NOT_RUN,NOT_RUN
average250,300,76,switch_then_stay,300,10,5,184,INHERITED_RULES_CHECKED,NOT_RUN,NOT_RUN,NOT_RUN,NOT_RUN
average250,400,101,stay,,0,0,404,INHERITED_RULES_CHECKED,NOT_RUN,NOT_RUN,NOT_RUN,NOT_RUN
average250,400,101,fixed20,,12,0,260,INHERITED_RULES_CHECKED,NOT_RUN,NOT_RUN,NOT_RUN,NOT_RUN
average250,400,101,fixed40,,7,0,320,INHERITED_RULES_CHECKED,NOT_RUN,NOT_RUN,NOT_RUN,NOT_RUN
average250,400,101,fixed76,,4,0,356,INHERITED_RULES_CHECKED,NOT_RUN,NOT_RUN,NOT_RUN,NOT_RUN
average250,400,101,terminal_balanced,,12,6,260,INHERITED_RULES_CHECKED,NOT_RUN,NOT_RUN,NOT_RUN,NOT_RUN
average250,400,101,switch_then_stay,20,0,0,404,INHERITED_RULES_CHECKED,NOT_RUN,NOT_RUN,NOT_RUN,NOT_RUN
average250,400,101,switch_then_stay,40,2,1,380,INHERITED_RULES_CHECKED,NOT_RUN,NOT_RUN,NOT_RUN,NOT_RUN
average250,400,101,switch_then_stay,60,2,1,380,INHERITED_RULES_CHECKED,NOT_RUN,NOT_RUN,NOT_RUN,NOT_RUN
average250,400,101,switch_then_stay,80,4,2,356,INHERITED_RULES_CHECKED,NOT_RUN,NOT_RUN,NOT_RUN,NOT_RUN
average250,400,101,switch_then_stay,100,4,2,356,INHERITED_RULES_CHECKED,NOT_RUN,NOT_RUN,NOT_RUN,NOT_RUN
average250,400,101,switch_then_stay,120,4,2,356,INHERITED_RULES_CHECKED,NOT_RUN,NOT_RUN,NOT_RUN,NOT_RUN
average250,400,101,switch_then_stay,140,6,3,332,INHERITED_RULES_CHECKED,NOT_RUN,NOT_RUN,NOT_RUN,NOT_RUN
average250,400,101,switch_then_stay,160,6,3,332,INHERITED_RULES_CHECKED,NOT_RUN,NOT_RUN,NOT_RUN,NOT_RUN
average250,400,101,switch_then_stay,180,6,3,332,INHERITED_RULES_CHECKED,NOT_RUN,NOT_RUN,NOT_RUN,NOT_RUN
average250,400,101,switch_then_stay,200,8,4,308,INHERITED_RULES_CHECKED,NOT_RUN,NOT_RUN,NOT_RUN,NOT_RUN
average250,400,101,switch_then_stay,220,8,4,308,INHERITED_RULES_CHECKED,NOT_RUN,NOT_RUN,NOT_RUN,NOT_RUN
average250,400,101,switch_then_stay,240,8,4,308,INHERITED_RULES_CHECKED,NOT_RUN,NOT_RUN,NOT_RUN,NOT_RUN
average250,400,101,switch_then_stay,260,10,5,284,INHERITED_RULES_CHECKED,NOT_RUN,NOT_RUN,NOT_RUN,NOT_RUN
average250,400,101,switch_then_stay,280,10,5,284,INHERITED_RULES_CHECKED,NOT_RUN,NOT_RUN,NOT_RUN,NOT_RUN
average250,400,101,switch_then_stay,300,10,5,284,INHERITED_RULES_CHECKED,NOT_RUN,NOT_RUN,NOT_RUN,NOT_RUN
average250,400,101,switch_then_stay,320,10,5,284,INHERITED_RULES_CHECKED,NOT_RUN,NOT_RUN,NOT_RUN,NOT_RUN
average250,400,101,switch_then_stay,340,12,6,260,INHERITED_RULES_CHECKED,NOT_RUN,NOT_RUN,NOT_RUN,NOT_RUN
average250,400,101,switch_then_stay,360,12,6,260,INHERITED_RULES_CHECKED,NOT_RUN,NOT_RUN,NOT_RUN,NOT_RUN
average250,400,101,switch_then_stay,380,12,6,260,INHERITED_RULES_CHECKED,NOT_RUN,NOT_RUN,NOT_RUN,NOT_RUN
average250,400,101,switch_then_stay,400,12,6,260,INHERITED_RULES_CHECKED,NOT_RUN,NOT_RUN,NOT_RUN,NOT_RUN
average250,500,126,stay,,0,0,504,INHERITED_RULES_CHECKED,NOT_RUN,NOT_RUN,NOT_RUN,NOT_RUN
average250,500,126,fixed20,,15,0,324,INHERITED_RULES_CHECKED,NOT_RUN,NOT_RUN,NOT_RUN,NOT_RUN
average250,500,126,fixed40,,9,0,396,INHERITED_RULES_CHECKED,NOT_RUN,NOT_RUN,NOT_RUN,NOT_RUN
average250,500,126,fixed76,,5,0,444,INHERITED_RULES_CHECKED,NOT_RUN,NOT_RUN,NOT_RUN,NOT_RUN
average250,500,126,terminal_balanced,,14,7,336,INHERITED_RULES_CHECKED,NOT_RUN,NOT_RUN,NOT_RUN,NOT_RUN
average250,500,126,switch_then_stay,20,0,0,504,INHERITED_RULES_CHECKED,NOT_RUN,NOT_RUN,NOT_RUN,NOT_RUN
average250,500,126,switch_then_stay,40,2,1,480,INHERITED_RULES_CHECKED,NOT_RUN,NOT_RUN,NOT_RUN,NOT_RUN
average250,500,126,switch_then_stay,60,2,1,480,INHERITED_RULES_CHECKED,NOT_RUN,NOT_RUN,NOT_RUN,NOT_RUN
average250,500,126,switch_then_stay,80,4,2,456,INHERITED_RULES_CHECKED,NOT_RUN,NOT_RUN,NOT_RUN,NOT_RUN
average250,500,126,switch_then_stay,100,4,2,456,INHERITED_RULES_CHECKED,NOT_RUN,NOT_RUN,NOT_RUN,NOT_RUN
average250,500,126,switch_then_stay,120,4,2,456,INHERITED_RULES_CHECKED,NOT_RUN,NOT_RUN,NOT_RUN,NOT_RUN
average250,500,126,switch_then_stay,140,6,3,432,INHERITED_RULES_CHECKED,NOT_RUN,NOT_RUN,NOT_RUN,NOT_RUN
average250,500,126,switch_then_stay,160,6,3,432,INHERITED_RULES_CHECKED,NOT_RUN,NOT_RUN,NOT_RUN,NOT_RUN
average250,500,126,switch_then_stay,180,6,3,432,INHERITED_RULES_CHECKED,NOT_RUN,NOT_RUN,NOT_RUN,NOT_RUN
average250,500,126,switch_then_stay,200,8,4,408,INHERITED_RULES_CHECKED,NOT_RUN,NOT_RUN,NOT_RUN,NOT_RUN
average250,500,126,switch_then_stay,220,8,4,408,INHERITED_RULES_CHECKED,NOT_RUN,NOT_RUN,NOT_RUN,NOT_RUN
average250,500,126,switch_then_stay,240,8,4,408,INHERITED_RULES_CHECKED,NOT_RUN,NOT_RUN,NOT_RUN,NOT_RUN
average250,500,126,switch_then_stay,260,10,5,384,INHERITED_RULES_CHECKED,NOT_RUN,NOT_RUN,NOT_RUN,NOT_RUN
average250,500,126,switch_then_stay,280,10,5,384,INHERITED_RULES_CHECKED,NOT_RUN,NOT_RUN,NOT_RUN,NOT_RUN
average250,500,126,switch_then_stay,300,10,5,384,INHERITED_RULES_CHECKED,NOT_RUN,NOT_RUN,NOT_RUN,NOT_RUN
average250,500,126,switch_then_stay,320,10,5,384,INHERITED_RULES_CHECKED,NOT_RUN,NOT_RUN,NOT_RUN,NOT_RUN
average250,500,126,switch_then_stay,340,12,6,360,INHERITED_RULES_CHECKED,NOT_RUN,NOT_RUN,NOT_RUN,NOT_RUN
average250,500,126,switch_then_stay,360,12,6,360,INHERITED_RULES_CHECKED,NOT_RUN,NOT_RUN,NOT_RUN,NOT_RUN
average250,500,126,switch_then_stay,380,12,6,360,INHERITED_RULES_CHECKED,NOT_RUN,NOT_RUN,NOT_RUN,NOT_RUN
average250,500,126,switch_then_stay,400,12,6,360,INHERITED_RULES_CHECKED,NOT_RUN,NOT_RUN,NOT_RUN,NOT_RUN
average250,500,126,switch_then_stay,420,12,6,360,INHERITED_RULES_CHECKED,NOT_RUN,NOT_RUN,NOT_RUN,NOT_RUN
average250,500,126,switch_then_stay,440,14,7,336,INHERITED_RULES_CHECKED,NOT_RUN,NOT_RUN,NOT_RUN,NOT_RUN
average250,500,126,switch_then_stay,460,14,7,336,INHERITED_RULES_CHECKED,NOT_RUN,NOT_RUN,NOT_RUN,NOT_RUN
average250,500,126,switch_then_stay,480,14,7,336,INHERITED_RULES_CHECKED,NOT_RUN,NOT_RUN,NOT_RUN,NOT_RUN
average250,500,126,switch_then_stay,500,14,7,336,INHERITED_RULES_CHECKED,NOT_RUN,NOT_RUN,NOT_RUN,NOT_RUN
average250,600,151,stay,,0,0,604,INHERITED_RULES_CHECKED,NOT_RUN,NOT_RUN,NOT_RUN,NOT_RUN
average250,600,151,fixed20,,18,0,388,INHERITED_RULES_CHECKED,NOT_RUN,NOT_RUN,NOT_RUN,NOT_RUN
average250,600,151,fixed40,,11,0,472,INHERITED_RULES_CHECKED,NOT_RUN,NOT_RUN,NOT_RUN,NOT_RUN
average250,600,151,fixed76,,6,0,532,INHERITED_RULES_CHECKED,NOT_RUN,NOT_RUN,NOT_RUN,NOT_RUN
average250,600,151,terminal_balanced,,16,8,412,INHERITED_RULES_CHECKED,NOT_RUN,NOT_RUN,NOT_RUN,NOT_RUN
average250,600,151,switch_then_stay,20,0,0,604,INHERITED_RULES_CHECKED,NOT_RUN,NOT_RUN,NOT_RUN,NOT_RUN
average250,600,151,switch_then_stay,40,2,1,580,INHERITED_RULES_CHECKED,NOT_RUN,NOT_RUN,NOT_RUN,NOT_RUN
average250,600,151,switch_then_stay,60,2,1,580,INHERITED_RULES_CHECKED,NOT_RUN,NOT_RUN,NOT_RUN,NOT_RUN
average250,600,151,switch_then_stay,80,4,2,556,INHERITED_RULES_CHECKED,NOT_RUN,NOT_RUN,NOT_RUN,NOT_RUN
average250,600,151,switch_then_stay,100,4,2,556,INHERITED_RULES_CHECKED,NOT_RUN,NOT_RUN,NOT_RUN,NOT_RUN
average250,600,151,switch_then_stay,120,4,2,556,INHERITED_RULES_CHECKED,NOT_RUN,NOT_RUN,NOT_RUN,NOT_RUN
average250,600,151,switch_then_stay,140,6,3,532,INHERITED_RULES_CHECKED,NOT_RUN,NOT_RUN,NOT_RUN,NOT_RUN
average250,600,151,switch_then_stay,160,6,3,532,INHERITED_RULES_CHECKED,NOT_RUN,NOT_RUN,NOT_RUN,NOT_RUN
average250,600,151,switch_then_stay,180,6,3,532,INHERITED_RULES_CHECKED,NOT_RUN,NOT_RUN,NOT_RUN,NOT_RUN
average250,600,151,switch_then_stay,200,8,4,508,INHERITED_RULES_CHECKED,NOT_RUN,NOT_RUN,NOT_RUN,NOT_RUN
average250,600,151,switch_then_stay,220,8,4,508,INHERITED_RULES_CHECKED,NOT_RUN,NOT_RUN,NOT_RUN,NOT_RUN
average250,600,151,switch_then_stay,240,8,4,508,INHERITED_RULES_CHECKED,NOT_RUN,NOT_RUN,NOT_RUN,NOT_RUN
average250,600,151,switch_then_stay,260,10,5,484,INHERITED_RULES_CHECKED,NOT_RUN,NOT_RUN,NOT_RUN,NOT_RUN
average250,600,151,switch_then_stay,280,10,5,484,INHERITED_RULES_CHECKED,NOT_RUN,NOT_RUN,NOT_RUN,NOT_RUN
average250,600,151,switch_then_stay,300,10,5,484,INHERITED_RULES_CHECKED,NOT_RUN,NOT_RUN,NOT_RUN,NOT_RUN
average250,600,151,switch_then_stay,320,10,5,484,INHERITED_RULES_CHECKED,NOT_RUN,NOT_RUN,NOT_RUN,NOT_RUN
average250,600,151,switch_then_stay,340,12,6,460,INHERITED_RULES_CHECKED,NOT_RUN,NOT_RUN,NOT_RUN,NOT_RUN
average250,600,151,switch_then_stay,360,12,6,460,INHERITED_RULES_CHECKED,NOT_RUN,NOT_RUN,NOT_RUN,NOT_RUN
average250,600,151,switch_then_stay,380,12,6,460,INHERITED_RULES_CHECKED,NOT_RUN,NOT_RUN,NOT_RUN,NOT_RUN
average250,600,151,switch_then_stay,400,12,6,460,INHERITED_RULES_CHECKED,NOT_RUN,NOT_RUN,NOT_RUN,NOT_RUN
average250,600,151,switch_then_stay,420,12,6,460,INHERITED_RULES_CHECKED,NOT_RUN,NOT_RUN,NOT_RUN,NOT_RUN
average250,600,151,switch_then_stay,440,14,7,436,INHERITED_RULES_CHECKED,NOT_RUN,NOT_RUN,NOT_RUN,NOT_RUN
average250,600,151,switch_then_stay,460,14,7,436,INHERITED_RULES_CHECKED,NOT_RUN,NOT_RUN,NOT_RUN,NOT_RUN
average250,600,151,switch_then_stay,480,14,7,436,INHERITED_RULES_CHECKED,NOT_RUN,NOT_RUN,NOT_RUN,NOT_RUN
average250,600,151,switch_then_stay,500,14,7,436,INHERITED_RULES_CHECKED,NOT_RUN,NOT_RUN,NOT_RUN,NOT_RUN
average250,600,151,switch_then_stay,520,14,7,436,INHERITED_RULES_CHECKED,NOT_RUN,NOT_RUN,NOT_RUN,NOT_RUN
average250,600,151,switch_then_stay,540,16,8,412,INHERITED_RULES_CHECKED,NOT_RUN,NOT_RUN,NOT_RUN,NOT_RUN
average250,600,151,switch_then_stay,560,16,8,412,INHERITED_RULES_CHECKED,NOT_RUN,NOT_RUN,NOT_RUN,NOT_RUN
average250,600,151,switch_then_stay,580,16,8,412,INHERITED_RULES_CHECKED,NOT_RUN,NOT_RUN,NOT_RUN,NOT_RUN
average250,600,151,switch_then_stay,600,16,8,412,INHERITED_RULES_CHECKED,NOT_RUN,NOT_RUN,NOT_RUN,NOT_RUN
point_last_fast_read,40,11,stay,,0,0,44,INHERITED_RULES_CHECKED,NOT_RUN,NOT_RUN,NOT_RUN,NOT_RUN
point_last_fast_read,40,11,fixed20,,1,0,32,INHERITED_RULES_CHECKED,NOT_RUN,NOT_RUN,NOT_RUN,NOT_RUN
point_last_fast_read,40,11,fixed40,,0,0,44,INHERITED_RULES_CHECKED,NOT_RUN,NOT_RUN,NOT_RUN,NOT_RUN
point_last_fast_read,40,11,fixed76,,0,0,44,INHERITED_RULES_CHECKED,NOT_RUN,NOT_RUN,NOT_RUN,NOT_RUN
point_last_fast_read,40,11,terminal_balanced,,2,1,20,INHERITED_RULES_CHECKED,NOT_RUN,NOT_RUN,NOT_RUN,NOT_RUN
point_last_fast_read,40,11,switch_then_stay,20,0,0,44,INHERITED_RULES_CHECKED,NOT_RUN,NOT_RUN,NOT_RUN,NOT_RUN
point_last_fast_read,40,11,switch_then_stay,40,2,1,20,INHERITED_RULES_CHECKED,NOT_RUN,NOT_RUN,NOT_RUN,NOT_RUN
point_last_fast_read,60,16,stay,,0,0,64,INHERITED_RULES_CHECKED,NOT_RUN,NOT_RUN,NOT_RUN,NOT_RUN
point_last_fast_read,60,16,fixed20,,1,0,52,INHERITED_RULES_CHECKED,NOT_RUN,NOT_RUN,NOT_RUN,NOT_RUN
point_last_fast_read,60,16,fixed40,,1,0,52,INHERITED_RULES_CHECKED,NOT_RUN,NOT_RUN,NOT_RUN,NOT_RUN
point_last_fast_read,60,16,fixed76,,0,0,64,INHERITED_RULES_CHECKED,NOT_RUN,NOT_RUN,NOT_RUN,NOT_RUN
point_last_fast_read,60,16,terminal_balanced,,2,1,40,INHERITED_RULES_CHECKED,NOT_RUN,NOT_RUN,NOT_RUN,NOT_RUN
point_last_fast_read,60,16,switch_then_stay,20,0,0,64,INHERITED_RULES_CHECKED,NOT_RUN,NOT_RUN,NOT_RUN,NOT_RUN
point_last_fast_read,60,16,switch_then_stay,40,2,1,40,INHERITED_RULES_CHECKED,NOT_RUN,NOT_RUN,NOT_RUN,NOT_RUN
point_last_fast_read,60,16,switch_then_stay,60,2,1,40,INHERITED_RULES_CHECKED,NOT_RUN,NOT_RUN,NOT_RUN,NOT_RUN
point_last_fast_read,80,21,stay,,0,0,84,INHERITED_RULES_CHECKED,NOT_RUN,NOT_RUN,NOT_RUN,NOT_RUN
point_last_fast_read,80,21,fixed20,,2,0,60,INHERITED_RULES_CHECKED,NOT_RUN,NOT_RUN,NOT_RUN,NOT_RUN
point_last_fast_read,80,21,fixed40,,1,0,72,INHERITED_RULES_CHECKED,NOT_RUN,NOT_RUN,NOT_RUN,NOT_RUN
point_last_fast_read,80,21,fixed76,,0,0,84,INHERITED_RULES_CHECKED,NOT_RUN,NOT_RUN,NOT_RUN,NOT_RUN
point_last_fast_read,80,21,terminal_balanced,,4,2,36,INHERITED_RULES_CHECKED,NOT_RUN,NOT_RUN,NOT_RUN,NOT_RUN
point_last_fast_read,80,21,switch_then_stay,20,0,0,84,INHERITED_RULES_CHECKED,NOT_RUN,NOT_RUN,NOT_RUN,NOT_RUN
point_last_fast_read,80,21,switch_then_stay,40,2,1,60,INHERITED_RULES_CHECKED,NOT_RUN,NOT_RUN,NOT_RUN,NOT_RUN
point_last_fast_read,80,21,switch_then_stay,60,2,1,60,INHERITED_RULES_CHECKED,NOT_RUN,NOT_RUN,NOT_RUN,NOT_RUN
point_last_fast_read,80,21,switch_then_stay,80,4,2,36,INHERITED_RULES_CHECKED,NOT_RUN,NOT_RUN,NOT_RUN,NOT_RUN
point_last_fast_read,100,26,stay,,0,0,104,INHERITED_RULES_CHECKED,NOT_RUN,NOT_RUN,NOT_RUN,NOT_RUN
point_last_fast_read,100,26,fixed20,,3,0,68,INHERITED_RULES_CHECKED,NOT_RUN,NOT_RUN,NOT_RUN,NOT_RUN
point_last_fast_read,100,26,fixed40,,1,0,92,INHERITED_RULES_CHECKED,NOT_RUN,NOT_RUN,NOT_RUN,NOT_RUN
point_last_fast_read,100,26,fixed76,,1,0,92,INHERITED_RULES_CHECKED,NOT_RUN,NOT_RUN,NOT_RUN,NOT_RUN
point_last_fast_read,100,26,terminal_balanced,,4,2,56,INHERITED_RULES_CHECKED,NOT_RUN,NOT_RUN,NOT_RUN,NOT_RUN
point_last_fast_read,100,26,switch_then_stay,20,0,0,104,INHERITED_RULES_CHECKED,NOT_RUN,NOT_RUN,NOT_RUN,NOT_RUN
point_last_fast_read,100,26,switch_then_stay,40,2,1,80,INHERITED_RULES_CHECKED,NOT_RUN,NOT_RUN,NOT_RUN,NOT_RUN
point_last_fast_read,100,26,switch_then_stay,60,2,1,80,INHERITED_RULES_CHECKED,NOT_RUN,NOT_RUN,NOT_RUN,NOT_RUN
point_last_fast_read,100,26,switch_then_stay,80,4,2,56,INHERITED_RULES_CHECKED,NOT_RUN,NOT_RUN,NOT_RUN,NOT_RUN
point_last_fast_read,100,26,switch_then_stay,100,4,2,56,INHERITED_RULES_CHECKED,NOT_RUN,NOT_RUN,NOT_RUN,NOT_RUN
point_last_fast_read,120,31,stay,,0,0,124,INHERITED_RULES_CHECKED,NOT_RUN,NOT_RUN,NOT_RUN,NOT_RUN
point_last_fast_read,120,31,fixed20,,3,0,88,INHERITED_RULES_CHECKED,NOT_RUN,NOT_RUN,NOT_RUN,NOT_RUN
point_last_fast_read,120,31,fixed40,,2,0,100,INHERITED_RULES_CHECKED,NOT_RUN,NOT_RUN,NOT_RUN,NOT_RUN
point_last_fast_read,120,31,fixed76,,1,0,112,INHERITED_RULES_CHECKED,NOT_RUN,NOT_RUN,NOT_RUN,NOT_RUN
point_last_fast_read,120,31,terminal_balanced,,4,2,76,INHERITED_RULES_CHECKED,NOT_RUN,NOT_RUN,NOT_RUN,NOT_RUN
point_last_fast_read,120,31,switch_then_stay,20,0,0,124,INHERITED_RULES_CHECKED,NOT_RUN,NOT_RUN,NOT_RUN,NOT_RUN
point_last_fast_read,120,31,switch_then_stay,40,2,1,100,INHERITED_RULES_CHECKED,NOT_RUN,NOT_RUN,NOT_RUN,NOT_RUN
point_last_fast_read,120,31,switch_then_stay,60,2,1,100,INHERITED_RULES_CHECKED,NOT_RUN,NOT_RUN,NOT_RUN,NOT_RUN
point_last_fast_read,120,31,switch_then_stay,80,4,2,76,INHERITED_RULES_CHECKED,NOT_RUN,NOT_RUN,NOT_RUN,NOT_RUN
point_last_fast_read,120,31,switch_then_stay,100,4,2,76,INHERITED_RULES_CHECKED,NOT_RUN,NOT_RUN,NOT_RUN,NOT_RUN
point_last_fast_read,120,31,switch_then_stay,120,4,2,76,INHERITED_RULES_CHECKED,NOT_RUN,NOT_RUN,NOT_RUN,NOT_RUN
point_last_fast_read,160,41,stay,,0,0,164,INHERITED_RULES_CHECKED,NOT_RUN,NOT_RUN,NOT_RUN,NOT_RUN
point_last_fast_read,160,41,fixed20,,4,0,116,INHERITED_RULES_CHECKED,NOT_RUN,NOT_RUN,NOT_RUN,NOT_RUN
point_last_fast_read,160,41,fixed40,,3,0,128,INHERITED_RULES_CHECKED,NOT_RUN,NOT_RUN,NOT_RUN,NOT_RUN
point_last_fast_read,160,41,fixed76,,1,0,152,INHERITED_RULES_CHECKED,NOT_RUN,NOT_RUN,NOT_RUN,NOT_RUN
point_last_fast_read,160,41,terminal_balanced,,6,3,92,INHERITED_RULES_CHECKED,NOT_RUN,NOT_RUN,NOT_RUN,NOT_RUN
point_last_fast_read,160,41,switch_then_stay,20,0,0,164,INHERITED_RULES_CHECKED,NOT_RUN,NOT_RUN,NOT_RUN,NOT_RUN
point_last_fast_read,160,41,switch_then_stay,40,2,1,140,INHERITED_RULES_CHECKED,NOT_RUN,NOT_RUN,NOT_RUN,NOT_RUN
point_last_fast_read,160,41,switch_then_stay,60,2,1,140,INHERITED_RULES_CHECKED,NOT_RUN,NOT_RUN,NOT_RUN,NOT_RUN
point_last_fast_read,160,41,switch_then_stay,80,4,2,116,INHERITED_RULES_CHECKED,NOT_RUN,NOT_RUN,NOT_RUN,NOT_RUN
point_last_fast_read,160,41,switch_then_stay,100,4,2,116,INHERITED_RULES_CHECKED,NOT_RUN,NOT_RUN,NOT_RUN,NOT_RUN
point_last_fast_read,160,41,switch_then_stay,120,4,2,116,INHERITED_RULES_CHECKED,NOT_RUN,NOT_RUN,NOT_RUN,NOT_RUN
point_last_fast_read,160,41,switch_then_stay,140,6,3,92,INHERITED_RULES_CHECKED,NOT_RUN,NOT_RUN,NOT_RUN,NOT_RUN
point_last_fast_read,160,41,switch_then_stay,160,6,3,92,INHERITED_RULES_CHECKED,NOT_RUN,NOT_RUN,NOT_RUN,NOT_RUN
point_last_fast_read,200,51,stay,,0,0,204,INHERITED_RULES_CHECKED,NOT_RUN,NOT_RUN,NOT_RUN,NOT_RUN
point_last_fast_read,200,51,fixed20,,6,0,132,INHERITED_RULES_CHECKED,NOT_RUN,NOT_RUN,NOT_RUN,NOT_RUN
point_last_fast_read,200,51,fixed40,,3,0,168,INHERITED_RULES_CHECKED,NOT_RUN,NOT_RUN,NOT_RUN,NOT_RUN
point_last_fast_read,200,51,fixed76,,2,0,180,INHERITED_RULES_CHECKED,NOT_RUN,NOT_RUN,NOT_RUN,NOT_RUN
point_last_fast_read,200,51,terminal_balanced,,8,4,108,INHERITED_RULES_CHECKED,NOT_RUN,NOT_RUN,NOT_RUN,NOT_RUN
point_last_fast_read,200,51,switch_then_stay,20,0,0,204,INHERITED_RULES_CHECKED,NOT_RUN,NOT_RUN,NOT_RUN,NOT_RUN
point_last_fast_read,200,51,switch_then_stay,40,2,1,180,INHERITED_RULES_CHECKED,NOT_RUN,NOT_RUN,NOT_RUN,NOT_RUN
point_last_fast_read,200,51,switch_then_stay,60,2,1,180,INHERITED_RULES_CHECKED,NOT_RUN,NOT_RUN,NOT_RUN,NOT_RUN
point_last_fast_read,200,51,switch_then_stay,80,4,2,156,INHERITED_RULES_CHECKED,NOT_RUN,NOT_RUN,NOT_RUN,NOT_RUN
point_last_fast_read,200,51,switch_then_stay,100,4,2,156,INHERITED_RULES_CHECKED,NOT_RUN,NOT_RUN,NOT_RUN,NOT_RUN
point_last_fast_read,200,51,switch_then_stay,120,4,2,156,INHERITED_RULES_CHECKED,NOT_RUN,NOT_RUN,NOT_RUN,NOT_RUN
point_last_fast_read,200,51,switch_then_stay,140,6,3,132,INHERITED_RULES_CHECKED,NOT_RUN,NOT_RUN,NOT_RUN,NOT_RUN
point_last_fast_read,200,51,switch_then_stay,160,6,3,132,INHERITED_RULES_CHECKED,NOT_RUN,NOT_RUN,NOT_RUN,NOT_RUN
point_last_fast_read,200,51,switch_then_stay,180,6,3,132,INHERITED_RULES_CHECKED,NOT_RUN,NOT_RUN,NOT_RUN,NOT_RUN
point_last_fast_read,200,51,switch_then_stay,200,8,4,108,INHERITED_RULES_CHECKED,NOT_RUN,NOT_RUN,NOT_RUN,NOT_RUN
point_last_fast_read,240,61,stay,,0,0,244,INHERITED_RULES_CHECKED,NOT_RUN,NOT_RUN,NOT_RUN,NOT_RUN
point_last_fast_read,240,61,fixed20,,7,0,160,INHERITED_RULES_CHECKED,NOT_RUN,NOT_RUN,NOT_RUN,NOT_RUN
point_last_fast_read,240,61,fixed40,,4,0,196,INHERITED_RULES_CHECKED,NOT_RUN,NOT_RUN,NOT_RUN,NOT_RUN
point_last_fast_read,240,61,fixed76,,2,0,220,INHERITED_RULES_CHECKED,NOT_RUN,NOT_RUN,NOT_RUN,NOT_RUN
point_last_fast_read,240,61,terminal_balanced,,8,4,148,INHERITED_RULES_CHECKED,NOT_RUN,NOT_RUN,NOT_RUN,NOT_RUN
point_last_fast_read,240,61,switch_then_stay,20,0,0,244,INHERITED_RULES_CHECKED,NOT_RUN,NOT_RUN,NOT_RUN,NOT_RUN
point_last_fast_read,240,61,switch_then_stay,40,2,1,220,INHERITED_RULES_CHECKED,NOT_RUN,NOT_RUN,NOT_RUN,NOT_RUN
point_last_fast_read,240,61,switch_then_stay,60,2,1,220,INHERITED_RULES_CHECKED,NOT_RUN,NOT_RUN,NOT_RUN,NOT_RUN
point_last_fast_read,240,61,switch_then_stay,80,4,2,196,INHERITED_RULES_CHECKED,NOT_RUN,NOT_RUN,NOT_RUN,NOT_RUN
point_last_fast_read,240,61,switch_then_stay,100,4,2,196,INHERITED_RULES_CHECKED,NOT_RUN,NOT_RUN,NOT_RUN,NOT_RUN
point_last_fast_read,240,61,switch_then_stay,120,4,2,196,INHERITED_RULES_CHECKED,NOT_RUN,NOT_RUN,NOT_RUN,NOT_RUN
point_last_fast_read,240,61,switch_then_stay,140,6,3,172,INHERITED_RULES_CHECKED,NOT_RUN,NOT_RUN,NOT_RUN,NOT_RUN
point_last_fast_read,240,61,switch_then_stay,160,6,3,172,INHERITED_RULES_CHECKED,NOT_RUN,NOT_RUN,NOT_RUN,NOT_RUN
point_last_fast_read,240,61,switch_then_stay,180,6,3,172,INHERITED_RULES_CHECKED,NOT_RUN,NOT_RUN,NOT_RUN,NOT_RUN
point_last_fast_read,240,61,switch_then_stay,200,8,4,148,INHERITED_RULES_CHECKED,NOT_RUN,NOT_RUN,NOT_RUN,NOT_RUN
point_last_fast_read,240,61,switch_then_stay,220,8,4,148,INHERITED_RULES_CHECKED,NOT_RUN,NOT_RUN,NOT_RUN,NOT_RUN
point_last_fast_read,240,61,switch_then_stay,240,8,4,148,INHERITED_RULES_CHECKED,NOT_RUN,NOT_RUN,NOT_RUN,NOT_RUN
point_last_fast_read,300,76,stay,,0,0,304,INHERITED_RULES_CHECKED,NOT_RUN,NOT_RUN,NOT_RUN,NOT_RUN
point_last_fast_read,300,76,fixed20,,9,0,196,INHERITED_RULES_CHECKED,NOT_RUN,NOT_RUN,NOT_RUN,NOT_RUN
point_last_fast_read,300,76,fixed40,,5,0,244,INHERITED_RULES_CHECKED,NOT_RUN,NOT_RUN,NOT_RUN,NOT_RUN
point_last_fast_read,300,76,fixed76,,3,0,268,INHERITED_RULES_CHECKED,NOT_RUN,NOT_RUN,NOT_RUN,NOT_RUN
point_last_fast_read,300,76,terminal_balanced,,10,5,184,INHERITED_RULES_CHECKED,NOT_RUN,NOT_RUN,NOT_RUN,NOT_RUN
point_last_fast_read,300,76,switch_then_stay,20,0,0,304,INHERITED_RULES_CHECKED,NOT_RUN,NOT_RUN,NOT_RUN,NOT_RUN
point_last_fast_read,300,76,switch_then_stay,40,2,1,280,INHERITED_RULES_CHECKED,NOT_RUN,NOT_RUN,NOT_RUN,NOT_RUN
point_last_fast_read,300,76,switch_then_stay,60,2,1,280,INHERITED_RULES_CHECKED,NOT_RUN,NOT_RUN,NOT_RUN,NOT_RUN
point_last_fast_read,300,76,switch_then_stay,80,4,2,256,INHERITED_RULES_CHECKED,NOT_RUN,NOT_RUN,NOT_RUN,NOT_RUN
point_last_fast_read,300,76,switch_then_stay,100,4,2,256,INHERITED_RULES_CHECKED,NOT_RUN,NOT_RUN,NOT_RUN,NOT_RUN
point_last_fast_read,300,76,switch_then_stay,120,4,2,256,INHERITED_RULES_CHECKED,NOT_RUN,NOT_RUN,NOT_RUN,NOT_RUN
point_last_fast_read,300,76,switch_then_stay,140,6,3,232,INHERITED_RULES_CHECKED,NOT_RUN,NOT_RUN,NOT_RUN,NOT_RUN
point_last_fast_read,300,76,switch_then_stay,160,6,3,232,INHERITED_RULES_CHECKED,NOT_RUN,NOT_RUN,NOT_RUN,NOT_RUN
point_last_fast_read,300,76,switch_then_stay,180,6,3,232,INHERITED_RULES_CHECKED,NOT_RUN,NOT_RUN,NOT_RUN,NOT_RUN
point_last_fast_read,300,76,switch_then_stay,200,8,4,208,INHERITED_RULES_CHECKED,NOT_RUN,NOT_RUN,NOT_RUN,NOT_RUN
point_last_fast_read,300,76,switch_then_stay,220,8,4,208,INHERITED_RULES_CHECKED,NOT_RUN,NOT_RUN,NOT_RUN,NOT_RUN
point_last_fast_read,300,76,switch_then_stay,240,8,4,208,INHERITED_RULES_CHECKED,NOT_RUN,NOT_RUN,NOT_RUN,NOT_RUN
point_last_fast_read,300,76,switch_then_stay,260,10,5,184,INHERITED_RULES_CHECKED,NOT_RUN,NOT_RUN,NOT_RUN,NOT_RUN
point_last_fast_read,300,76,switch_then_stay,280,10,5,184,INHERITED_RULES_CHECKED,NOT_RUN,NOT_RUN,NOT_RUN,NOT_RUN
point_last_fast_read,300,76,switch_then_stay,300,10,5,184,INHERITED_RULES_CHECKED,NOT_RUN,NOT_RUN,NOT_RUN,NOT_RUN
point_last_fast_read,400,101,stay,,0,0,404,INHERITED_RULES_CHECKED,NOT_RUN,NOT_RUN,NOT_RUN,NOT_RUN
point_last_fast_read,400,101,fixed20,,12,0,260,INHERITED_RULES_CHECKED,NOT_RUN,NOT_RUN,NOT_RUN,NOT_RUN
point_last_fast_read,400,101,fixed40,,7,0,320,INHERITED_RULES_CHECKED,NOT_RUN,NOT_RUN,NOT_RUN,NOT_RUN
point_last_fast_read,400,101,fixed76,,4,0,356,INHERITED_RULES_CHECKED,NOT_RUN,NOT_RUN,NOT_RUN,NOT_RUN
point_last_fast_read,400,101,terminal_balanced,,12,6,260,INHERITED_RULES_CHECKED,NOT_RUN,NOT_RUN,NOT_RUN,NOT_RUN
point_last_fast_read,400,101,switch_then_stay,20,0,0,404,INHERITED_RULES_CHECKED,NOT_RUN,NOT_RUN,NOT_RUN,NOT_RUN
point_last_fast_read,400,101,switch_then_stay,40,2,1,380,INHERITED_RULES_CHECKED,NOT_RUN,NOT_RUN,NOT_RUN,NOT_RUN
point_last_fast_read,400,101,switch_then_stay,60,2,1,380,INHERITED_RULES_CHECKED,NOT_RUN,NOT_RUN,NOT_RUN,NOT_RUN
point_last_fast_read,400,101,switch_then_stay,80,4,2,356,INHERITED_RULES_CHECKED,NOT_RUN,NOT_RUN,NOT_RUN,NOT_RUN
point_last_fast_read,400,101,switch_then_stay,100,4,2,356,INHERITED_RULES_CHECKED,NOT_RUN,NOT_RUN,NOT_RUN,NOT_RUN
point_last_fast_read,400,101,switch_then_stay,120,4,2,356,INHERITED_RULES_CHECKED,NOT_RUN,NOT_RUN,NOT_RUN,NOT_RUN
point_last_fast_read,400,101,switch_then_stay,140,6,3,332,INHERITED_RULES_CHECKED,NOT_RUN,NOT_RUN,NOT_RUN,NOT_RUN
point_last_fast_read,400,101,switch_then_stay,160,6,3,332,INHERITED_RULES_CHECKED,NOT_RUN,NOT_RUN,NOT_RUN,NOT_RUN
point_last_fast_read,400,101,switch_then_stay,180,6,3,332,INHERITED_RULES_CHECKED,NOT_RUN,NOT_RUN,NOT_RUN,NOT_RUN
point_last_fast_read,400,101,switch_then_stay,200,8,4,308,INHERITED_RULES_CHECKED,NOT_RUN,NOT_RUN,NOT_RUN,NOT_RUN
point_last_fast_read,400,101,switch_then_stay,220,8,4,308,INHERITED_RULES_CHECKED,NOT_RUN,NOT_RUN,NOT_RUN,NOT_RUN
point_last_fast_read,400,101,switch_then_stay,240,8,4,308,INHERITED_RULES_CHECKED,NOT_RUN,NOT_RUN,NOT_RUN,NOT_RUN
point_last_fast_read,400,101,switch_then_stay,260,10,5,284,INHERITED_RULES_CHECKED,NOT_RUN,NOT_RUN,NOT_RUN,NOT_RUN
point_last_fast_read,400,101,switch_then_stay,280,10,5,284,INHERITED_RULES_CHECKED,NOT_RUN,NOT_RUN,NOT_RUN,NOT_RUN
point_last_fast_read,400,101,switch_then_stay,300,10,5,284,INHERITED_RULES_CHECKED,NOT_RUN,NOT_RUN,NOT_RUN,NOT_RUN
point_last_fast_read,400,101,switch_then_stay,320,10,5,284,INHERITED_RULES_CHECKED,NOT_RUN,NOT_RUN,NOT_RUN,NOT_RUN
point_last_fast_read,400,101,switch_then_stay,340,12,6,260,INHERITED_RULES_CHECKED,NOT_RUN,NOT_RUN,NOT_RUN,NOT_RUN
point_last_fast_read,400,101,switch_then_stay,360,12,6,260,INHERITED_RULES_CHECKED,NOT_RUN,NOT_RUN,NOT_RUN,NOT_RUN
point_last_fast_read,400,101,switch_then_stay,380,12,6,260,INHERITED_RULES_CHECKED,NOT_RUN,NOT_RUN,NOT_RUN,NOT_RUN
point_last_fast_read,400,101,switch_then_stay,400,12,6,260,INHERITED_RULES_CHECKED,NOT_RUN,NOT_RUN,NOT_RUN,NOT_RUN
point_last_fast_read,500,126,stay,,0,0,504,INHERITED_RULES_CHECKED,NOT_RUN,NOT_RUN,NOT_RUN,NOT_RUN
point_last_fast_read,500,126,fixed20,,15,0,324,INHERITED_RULES_CHECKED,NOT_RUN,NOT_RUN,NOT_RUN,NOT_RUN
point_last_fast_read,500,126,fixed40,,9,0,396,INHERITED_RULES_CHECKED,NOT_RUN,NOT_RUN,NOT_RUN,NOT_RUN
point_last_fast_read,500,126,fixed76,,5,0,444,INHERITED_RULES_CHECKED,NOT_RUN,NOT_RUN,NOT_RUN,NOT_RUN
point_last_fast_read,500,126,terminal_balanced,,14,7,336,INHERITED_RULES_CHECKED,NOT_RUN,NOT_RUN,NOT_RUN,NOT_RUN
point_last_fast_read,500,126,switch_then_stay,20,0,0,504,INHERITED_RULES_CHECKED,NOT_RUN,NOT_RUN,NOT_RUN,NOT_RUN
point_last_fast_read,500,126,switch_then_stay,40,2,1,480,INHERITED_RULES_CHECKED,NOT_RUN,NOT_RUN,NOT_RUN,NOT_RUN
point_last_fast_read,500,126,switch_then_stay,60,2,1,480,INHERITED_RULES_CHECKED,NOT_RUN,NOT_RUN,NOT_RUN,NOT_RUN
point_last_fast_read,500,126,switch_then_stay,80,4,2,456,INHERITED_RULES_CHECKED,NOT_RUN,NOT_RUN,NOT_RUN,NOT_RUN
point_last_fast_read,500,126,switch_then_stay,100,4,2,456,INHERITED_RULES_CHECKED,NOT_RUN,NOT_RUN,NOT_RUN,NOT_RUN
point_last_fast_read,500,126,switch_then_stay,120,4,2,456,INHERITED_RULES_CHECKED,NOT_RUN,NOT_RUN,NOT_RUN,NOT_RUN
point_last_fast_read,500,126,switch_then_stay,140,6,3,432,INHERITED_RULES_CHECKED,NOT_RUN,NOT_RUN,NOT_RUN,NOT_RUN
point_last_fast_read,500,126,switch_then_stay,160,6,3,432,INHERITED_RULES_CHECKED,NOT_RUN,NOT_RUN,NOT_RUN,NOT_RUN
point_last_fast_read,500,126,switch_then_stay,180,6,3,432,INHERITED_RULES_CHECKED,NOT_RUN,NOT_RUN,NOT_RUN,NOT_RUN
point_last_fast_read,500,126,switch_then_stay,200,8,4,408,INHERITED_RULES_CHECKED,NOT_RUN,NOT_RUN,NOT_RUN,NOT_RUN
point_last_fast_read,500,126,switch_then_stay,220,8,4,408,INHERITED_RULES_CHECKED,NOT_RUN,NOT_RUN,NOT_RUN,NOT_RUN
point_last_fast_read,500,126,switch_then_stay,240,8,4,408,INHERITED_RULES_CHECKED,NOT_RUN,NOT_RUN,NOT_RUN,NOT_RUN
point_last_fast_read,500,126,switch_then_stay,260,10,5,384,INHERITED_RULES_CHECKED,NOT_RUN,NOT_RUN,NOT_RUN,NOT_RUN
point_last_fast_read,500,126,switch_then_stay,280,10,5,384,INHERITED_RULES_CHECKED,NOT_RUN,NOT_RUN,NOT_RUN,NOT_RUN
point_last_fast_read,500,126,switch_then_stay,300,10,5,384,INHERITED_RULES_CHECKED,NOT_RUN,NOT_RUN,NOT_RUN,NOT_RUN
point_last_fast_read,500,126,switch_then_stay,320,10,5,384,INHERITED_RULES_CHECKED,NOT_RUN,NOT_RUN,NOT_RUN,NOT_RUN
point_last_fast_read,500,126,switch_then_stay,340,12,6,360,INHERITED_RULES_CHECKED,NOT_RUN,NOT_RUN,NOT_RUN,NOT_RUN
point_last_fast_read,500,126,switch_then_stay,360,12,6,360,INHERITED_RULES_CHECKED,NOT_RUN,NOT_RUN,NOT_RUN,NOT_RUN
point_last_fast_read,500,126,switch_then_stay,380,12,6,360,INHERITED_RULES_CHECKED,NOT_RUN,NOT_RUN,NOT_RUN,NOT_RUN
point_last_fast_read,500,126,switch_then_stay,400,12,6,360,INHERITED_RULES_CHECKED,NOT_RUN,NOT_RUN,NOT_RUN,NOT_RUN
point_last_fast_read,500,126,switch_then_stay,420,12,6,360,INHERITED_RULES_CHECKED,NOT_RUN,NOT_RUN,NOT_RUN,NOT_RUN
point_last_fast_read,500,126,switch_then_stay,440,14,7,336,INHERITED_RULES_CHECKED,NOT_RUN,NOT_RUN,NOT_RUN,NOT_RUN
point_last_fast_read,500,126,switch_then_stay,460,14,7,336,INHERITED_RULES_CHECKED,NOT_RUN,NOT_RUN,NOT_RUN,NOT_RUN
point_last_fast_read,500,126,switch_then_stay,480,14,7,336,INHERITED_RULES_CHECKED,NOT_RUN,NOT_RUN,NOT_RUN,NOT_RUN
point_last_fast_read,500,126,switch_then_stay,500,14,7,336,INHERITED_RULES_CHECKED,NOT_RUN,NOT_RUN,NOT_RUN,NOT_RUN
point_last_fast_read,600,151,stay,,0,0,604,INHERITED_RULES_CHECKED,NOT_RUN,NOT_RUN,NOT_RUN,NOT_RUN
point_last_fast_read,600,151,fixed20,,18,0,388,INHERITED_RULES_CHECKED,NOT_RUN,NOT_RUN,NOT_RUN,NOT_RUN
point_last_fast_read,600,151,fixed40,,11,0,472,INHERITED_RULES_CHECKED,NOT_RUN,NOT_RUN,NOT_RUN,NOT_RUN
point_last_fast_read,600,151,fixed76,,6,0,532,INHERITED_RULES_CHECKED,NOT_RUN,NOT_RUN,NOT_RUN,NOT_RUN
point_last_fast_read,600,151,terminal_balanced,,16,8,412,INHERITED_RULES_CHECKED,NOT_RUN,NOT_RUN,NOT_RUN,NOT_RUN
point_last_fast_read,600,151,switch_then_stay,20,0,0,604,INHERITED_RULES_CHECKED,NOT_RUN,NOT_RUN,NOT_RUN,NOT_RUN
point_last_fast_read,600,151,switch_then_stay,40,2,1,580,INHERITED_RULES_CHECKED,NOT_RUN,NOT_RUN,NOT_RUN,NOT_RUN
point_last_fast_read,600,151,switch_then_stay,60,2,1,580,INHERITED_RULES_CHECKED,NOT_RUN,NOT_RUN,NOT_RUN,NOT_RUN
point_last_fast_read,600,151,switch_then_stay,80,4,2,556,INHERITED_RULES_CHECKED,NOT_RUN,NOT_RUN,NOT_RUN,NOT_RUN
point_last_fast_read,600,151,switch_then_stay,100,4,2,556,INHERITED_RULES_CHECKED,NOT_RUN,NOT_RUN,NOT_RUN,NOT_RUN
point_last_fast_read,600,151,switch_then_stay,120,4,2,556,INHERITED_RULES_CHECKED,NOT_RUN,NOT_RUN,NOT_RUN,NOT_RUN
point_last_fast_read,600,151,switch_then_stay,140,6,3,532,INHERITED_RULES_CHECKED,NOT_RUN,NOT_RUN,NOT_RUN,NOT_RUN
point_last_fast_read,600,151,switch_then_stay,160,6,3,532,INHERITED_RULES_CHECKED,NOT_RUN,NOT_RUN,NOT_RUN,NOT_RUN
point_last_fast_read,600,151,switch_then_stay,180,6,3,532,INHERITED_RULES_CHECKED,NOT_RUN,NOT_RUN,NOT_RUN,NOT_RUN
point_last_fast_read,600,151,switch_then_stay,200,8,4,508,INHERITED_RULES_CHECKED,NOT_RUN,NOT_RUN,NOT_RUN,NOT_RUN
point_last_fast_read,600,151,switch_then_stay,220,8,4,508,INHERITED_RULES_CHECKED,NOT_RUN,NOT_RUN,NOT_RUN,NOT_RUN
point_last_fast_read,600,151,switch_then_stay,240,8,4,508,INHERITED_RULES_CHECKED,NOT_RUN,NOT_RUN,NOT_RUN,NOT_RUN
point_last_fast_read,600,151,switch_then_stay,260,10,5,484,INHERITED_RULES_CHECKED,NOT_RUN,NOT_RUN,NOT_RUN,NOT_RUN
point_last_fast_read,600,151,switch_then_stay,280,10,5,484,INHERITED_RULES_CHECKED,NOT_RUN,NOT_RUN,NOT_RUN,NOT_RUN
point_last_fast_read,600,151,switch_then_stay,300,10,5,484,INHERITED_RULES_CHECKED,NOT_RUN,NOT_RUN,NOT_RUN,NOT_RUN
point_last_fast_read,600,151,switch_then_stay,320,10,5,484,INHERITED_RULES_CHECKED,NOT_RUN,NOT_RUN,NOT_RUN,NOT_RUN
point_last_fast_read,600,151,switch_then_stay,340,12,6,460,INHERITED_RULES_CHECKED,NOT_RUN,NOT_RUN,NOT_RUN,NOT_RUN
point_last_fast_read,600,151,switch_then_stay,360,12,6,460,INHERITED_RULES_CHECKED,NOT_RUN,NOT_RUN,NOT_RUN,NOT_RUN
point_last_fast_read,600,151,switch_then_stay,380,12,6,460,INHERITED_RULES_CHECKED,NOT_RUN,NOT_RUN,NOT_RUN,NOT_RUN
point_last_fast_read,600,151,switch_then_stay,400,12,6,460,INHERITED_RULES_CHECKED,NOT_RUN,NOT_RUN,NOT_RUN,NOT_RUN
point_last_fast_read,600,151,switch_then_stay,420,12,6,460,INHERITED_RULES_CHECKED,NOT_RUN,NOT_RUN,NOT_RUN,NOT_RUN
point_last_fast_read,600,151,switch_then_stay,440,14,7,436,INHERITED_RULES_CHECKED,NOT_RUN,NOT_RUN,NOT_RUN,NOT_RUN
point_last_fast_read,600,151,switch_then_stay,460,14,7,436,INHERITED_RULES_CHECKED,NOT_RUN,NOT_RUN,NOT_RUN,NOT_RUN
point_last_fast_read,600,151,switch_then_stay,480,14,7,436,INHERITED_RULES_CHECKED,NOT_RUN,NOT_RUN,NOT_RUN,NOT_RUN
point_last_fast_read,600,151,switch_then_stay,500,14,7,436,INHERITED_RULES_CHECKED,NOT_RUN,NOT_RUN,NOT_RUN,NOT_RUN
point_last_fast_read,600,151,switch_then_stay,520,14,7,436,INHERITED_RULES_CHECKED,NOT_RUN,NOT_RUN,NOT_RUN,NOT_RUN
point_last_fast_read,600,151,switch_then_stay,540,16,8,412,INHERITED_RULES_CHECKED,NOT_RUN,NOT_RUN,NOT_RUN,NOT_RUN
point_last_fast_read,600,151,switch_then_stay,560,16,8,412,INHERITED_RULES_CHECKED,NOT_RUN,NOT_RUN,NOT_RUN,NOT_RUN
point_last_fast_read,600,151,switch_then_stay,580,16,8,412,INHERITED_RULES_CHECKED,NOT_RUN,NOT_RUN,NOT_RUN,NOT_RUN
point_last_fast_read,600,151,switch_then_stay,600,16,8,412,INHERITED_RULES_CHECKED,NOT_RUN,NOT_RUN,NOT_RUN,NOT_RUN
