c,c_fraction,mode,k,kappa,kappa_fraction
0.8,4/5,fixed_k1,1,0.024390243902439025,1/41
0.8,4/5,homogeneous_qualified,1,0.024390243902439025,1/41
0.80025,3201/4000,fixed_k1,1,0.02432337294549451,638401/26246401
0.80025,3201/4000,homogeneous_qualified,1,0.02432337294549451,638401/26246401
0.8005,1601/2000,fixed_k1,1,0.024256608932135403,159201/6563201
0.8005,1601/2000,homogeneous_qualified,1,0.024256608932135403,159201/6563201
0.80075,3203/4000,fixed_k1,1,0.024189951799385885,635209/26259209
0.80075,3203/4000,homogeneous_qualified,1,0.024189951799385885,635209/26259209
0.801,801/1000,fixed_k1,1,0.02412340148428272,39601/1641601
0.801,801/1000,homogeneous_qualified,1,0.02412340148428272,39601/1641601
0.80125,641/800,fixed_k1,1,0.0240569579238753,25281/1050881
0.80125,641/800,homogeneous_qualified,1,0.0240569579238753,25281/1050881
0.8015,1603/2000,fixed_k1,1,0.02399062105522566,157609/6569609
0.8015,1603/2000,homogeneous_qualified,1,0.02399062105522566,157609/6569609
0.80175,3207/4000,fixed_k1,1,0.023924390815408526,628849/26284849
0.80175,3207/4000,homogeneous_qualified,1,0.023924390815408526,628849/26284849
0.802,401/500,fixed_k1,1,0.02385826714151134,9801/410801
0.802,401/500,homogeneous_qualified,1,0.02385826714151134,9801/410801
0.80225,3209/4000,fixed_k1,1,0.023792249970634293,625681/26297681
0.80225,3209/4000,homogeneous_qualified,1,0.023792249970634293,625681/26297681
0.8025,321/400,fixed_k1,1,0.02372633923989036,6241/263041
0.8025,321/400,homogeneous_qualified,1,0.02372633923989036,6241/263041
0.80275,3211/4000,fixed_k1,1,0.023660534886405328,622521/26310521
0.80275,3211/4000,homogeneous_qualified,1,0.023660534886405328,622521/26310521
0.803,803/1000,fixed_k1,1,0.023594836847317835,38809/1644809
0.803,803/1000,homogeneous_qualified,1,0.023594836847317835,38809/1644809
0.80325,3213/4000,fixed_k1,1,0.02352924505977939,619369/26323369
0.80325,3213/4000,homogeneous_qualified,1,0.02352924505977939,619369/26323369
0.8035,1607/2000,fixed_k1,1,0.023463759460954425,154449/6582449
0.8035,1607/2000,homogeneous_qualified,1,0.023463759460954425,154449/6582449
0.80375,643/800,fixed_k1,1,0.0233983799880203,24649/1053449
0.80375,643/800,homogeneous_qualified,1,0.0233983799880203,24649/1053449
0.804,201/250,fixed_k1,1,0.023333106578167364,2401/102901
0.804,201/250,homogeneous_qualified,1,0.023333106578167364,2401/102901
0.80425,3217/4000,fixed_k1,1,0.02326793916859896,613089/26349089
0.80425,3217/4000,homogeneous_qualified,1,0.02326793916859896,613089/26349089
0.8045,1609/2000,fixed_k1,1,0.023202877696531475,152881/6588881
0.8045,1609/2000,homogeneous_qualified,1,0.023202877696531475,152881/6588881
0.80475,3219/4000,fixed_k1,1,0.023137922099194366,609961/26361961
0.80475,3219/4000,homogeneous_qualified,1,0.023137922099194366,609961/26361961
0.805,161/200,fixed_k1,1,0.02307307231383019,1521/65921
0.805,161/200,homogeneous_qualified,1,0.02307307231383019,1521/65921
0.80525,3221/4000,fixed_k1,1,0.02300832827769464,606841/26374841
0.80525,3221/4000,homogeneous_qualified,1,0.02300832827769464,606841/26374841
0.8055,1611/2000,fixed_k1,1,0.022943689928056572,151321/6595321
0.8055,1611/2000,homogeneous_qualified,1,0.022943689928056572,151321/6595321
0.80575,3223/4000,fixed_k1,1,0.022879157202198037,603729/26387729
0.80575,3223/4000,homogeneous_qualified,1,0.022879157202198037,603729/26387729
0.806,403/500,fixed_k1,1,0.022814730037414313,9409/412409
0.806,403/500,homogeneous_qualified,1,0.022814730037414313,9409/412409
0.80625,129/160,fixed_k1,1,0.022750408371013945,961/42241
0.80625,129/160,homogeneous_qualified,1,0.022750408371013945,961/42241
0.8065,1613/2000,fixed_k1,1,0.022686192140318754,149769/6601769
0.8065,1613/2000,homogeneous_qualified,1,0.022686192140318754,149769/6601769
0.80675,3227/4000,fixed_k1,1,0.022622081282663895,597529/26413529
0.80675,3227/4000,homogeneous_qualified,1,0.022622081282663895,597529/26413529
0.807,807/1000,fixed_k1,1,0.02255807573539787,37249/1651249
0.807,807/1000,homogeneous_qualified,1,0.02255807573539787,37249/1651249
0.80725,3229/4000,fixed_k1,1,0.022494175435882568,594441/26426441
0.80725,3229/4000,homogeneous_qualified,1,0.022494175435882568,594441/26426441
0.8075,323/400,fixed_k1,1,0.02243038032149329,5929/264329
0.8075,323/400,homogeneous_qualified,1,0.02243038032149329,5929/264329
0.80775,3231/4000,fixed_k1,1,0.022366690329618782,591361/26439361
0.80775,3231/4000,homogeneous_qualified,1,0.022366690329618782,591361/26439361
0.808,101/125,fixed_k1,1,0.022303105397661272,288/12913
0.808,101/125,homogeneous_qualified,1,0.022303105397661272,288/12913
0.80825,3233/4000,fixed_k1,1,0.022239625463036487,588289/26452289
0.80825,3233/4000,homogeneous_qualified,1,0.022239625463036487,588289/26452289
0.8085,1617/2000,fixed_k1,1,0.022176250463173702,146689/6614689
0.8085,1617/2000,homogeneous_qualified,1,0.022176250463173702,146689/6614689
0.80875,647/800,fixed_k1,1,0.02211298033551576,23409/1058609
0.80875,647/800,homogeneous_qualified,1,0.02211298033551576,23409/1058609
0.809,809/1000,fixed_k1,1,0.02204981501751909,36481/1654481
0.809,809/1000,homogeneous_qualified,1,0.02204981501751909,36481/1654481
0.80925,3237/4000,fixed_k1,1,0.02198675444665377,582169/26478169
0.80925,3237/4000,homogeneous_qualified,1,0.02198675444665377,582169/26478169
0.8095,1619/2000,fixed_k1,1,0.02192379856040353,145161/6621161
0.8095,1619/2000,homogeneous_qualified,1,0.02192379856040353,145161/6621161
0.80975,3239/4000,fixed_k1,1,0.021860947296265795,579121/26491121
0.80975,3239/4000,homogeneous_qualified,1,0.021860947296265795,579121/26491121
0.81,81/100,fixed_k1,1,0.021798200591751707,361/16561
0.81,81/100,homogeneous_qualified,1,0.021798200591751707,361/16561
0.81025,3241/4000,fixed_k1,1,0.021735558384386164,576081/26504081
0.81025,3241/4000,homogeneous_qualified,2,0.08509269626968996,1152162/13540081
0.8105,1621/2000,fixed_k1,1,0.021673020611707845,143641/6627641
0.8105,1621/2000,homogeneous_qualified,2,0.08485306032151667,287282/3385641
0.81075,3243/4000,fixed_k1,1,0.02161058721126925,573049/26517049
0.81075,3243/4000,homogeneous_qualified,2,0.08461379504791751,1146098/13545049
0.811,811/1000,fixed_k1,1,0.021548258120636706,35721/1657721
0.811,811/1000,homogeneous_qualified,2,0.08437490035088299,71442/846721
0.81125,649/800,fixed_k1,1,0.021486033277390428,22801/1061201
0.81125,649/800,homogeneous_qualified,2,0.08413637613214736,45602/542001
0.8115,1623/2000,fixed_k1,1,0.02142391261912453,142129/6634129
0.8115,1623/2000,homogeneous_qualified,2,0.08389822229318895,284258/3388129
0.81175,3247/4000,fixed_k1,1,0.021361896083447057,567009/26543009
0.81175,3247/4000,homogeneous_qualified,2,0.08366043873523064,1134018/13555009
0.812,203/250,fixed_k1,1,0.021299983607980022,2209/103709
0.812,203/250,homogeneous_qualified,2,0.08342302535924016,4418/52959
0.81225,3249/4000,fixed_k1,1,0.021238175130359423,564001/26556001
0.81225,3249/4000,homogeneous_qualified,2,0.08318598206593053,1128002/13560001
0.8125,13/16,fixed_k1,1,0.021176470588235293,9/425
0.8125,13/16,homogeneous_qualified,2,0.08294930875576037,18/217
0.81275,3251/4000,fixed_k1,1,0.021114869919271712,561001/26569001
0.81275,3251/4000,homogeneous_qualified,2,0.08271300532893437,1122002/13565001
0.813,813/1000,fixed_k1,1,0.021053373061146838,34969/1660969
0.813,813/1000,homogeneous_qualified,2,0.0824770716854036,69938/847969
0.81325,3253/4000,fixed_k1,1,0.02099197995155295,558009/26582009
0.81325,3253/4000,homogeneous_qualified,2,0.08224150772486592,1116018/13570009
0.8135,1627/2000,fixed_k1,1,0.02093069052819646,139129/6647129
0.8135,1627/2000,homogeneous_qualified,2,0.08200631334676636,278258/3393129
0.81375,651/800,fixed_k1,1,0.02086950472879796,22201/1063801
0.81375,651/800,homogeneous_qualified,2,0.08177148845029751,44402/543001
0.814,407/500,fixed_k1,1,0.020808422491092243,8649/415649
0.814,407/500,homogeneous_qualified,2,0.08153703293439989,17298/212149
0.81425,3257/4000,fixed_k1,1,0.020747443752828325,552049/26608049
0.81425,3257/4000,homogeneous_qualified,2,0.08130294669776228,1104098/13580049
0.8145,1629/2000,fixed_k1,1,0.02068656845176949,137641/6653641
0.8145,1629/2000,homogeneous_qualified,2,0.08106922963882224,275282/3395641
0.81475,3259/4000,fixed_k1,1,0.020625796525693303,549081/26621081
0.81475,3259/4000,homogeneous_qualified,2,0.08083588165576636,1098162/13585081
0.815,163/200,fixed_k1,1,0.020565127912391654,1369/66569
0.815,163/200,homogeneous_qualified,2,0.08060290264653067,2738/33969
0.81525,3261/4000,fixed_k1,1,0.020504562549670778,546121/26634121
0.81525,3261/4000,homogeneous_qualified,2,0.08037029250880107,1092242/13590121
0.8155,1631/2000,fixed_k1,1,0.020444100375351288,136161/6660161
0.8155,1631/2000,homogeneous_qualified,2,0.08013805114001367,272322/3398161
0.81575,3263/4000,fixed_k1,1,0.0203837413272682,543169/26647169
0.81575,3263/4000,homogeneous_qualified,2,0.07990617843735522,1086338/13595169
0.816,102/125,fixed_k1,1,0.020323485343270966,529/26029
0.816,102/125,homogeneous_qualified,2,0.07967467429776338,1058/13279
0.81625,653/800,fixed_k1,1,0.020263332361223508,21609/1066409
0.81625,653/800,homogeneous_qualified,2,0.07944353861792727,43218/544009
0.8165,1633/2000,fixed_k1,1,0.020203282319004232,134689/6666689
0.8165,1633/2000,homogeneous_qualified,2,0.07921277129428772,269378/3400689
0.81675,3267/4000,fixed_k1,1,0.02014333515450607,537289/26673289
0.81675,3267/4000,homogeneous_qualified,2,0.07898237222303767,1074578/13605289
0.817,817/1000,fixed_k1,1,0.020083490805636497,33489/1667489
0.817,817/1000,homogeneous_qualified,2,0.07875234130012264,66978/850489
0.81725,3269/4000,fixed_k1,1,0.020023749210317587,534361/26686361
0.81725,3269/4000,homogeneous_qualified,2,0.078522678421241,1068722/13610361
0.8175,327/400,fixed_k1,1,0.019964110306485993,5329/266929
0.8175,327/400,homogeneous_qualified,2,0.07829338348184443,10658/136129
0.81775,3271/4000,fixed_k1,1,0.01990457403209303,531441/26699441
0.81775,3271/4000,homogeneous_qualified,2,0.07806445637713828,1062882/13615441
0.818,409/500,fixed_k1,1,0.019845140325104666,8281/417281
0.818,409/500,homogeneous_qualified,2,0.07783589700208195,16562/212781
0.81825,3273/4000,fixed_k1,1,0.01978580912350156,528529/26712529
0.81825,3273/4000,homogeneous_qualified,2,0.07760770525138928,1057058/13620529
0.8185,1637/2000,fixed_k1,1,0.0197265803652791,131769/6679769
0.8185,1637/2000,homogeneous_qualified,2,0.07737988101952892,263538/3405769
0.81875,131/160,fixed_k1,1,0.019667453988447416,841/42761
0.81875,131/160,homogeneous_qualified,2,0.07715242420072474,1682/21801
0.819,819/1000,fixed_k1,1,0.01960842993103143,32761/1670761
0.819,819/1000,homogeneous_qualified,2,0.07692533468895617,65522/851761
0.81925,3277/4000,fixed_k1,1,0.019549508131070852,522729/26738729
0.81925,3277/4000,homogeneous_qualified,2,0.07669861237795865,1045458/13630729
0.8195,1639/2000,fixed_k1,1,0.019490688526620243,130321/6686321
0.8195,1639/2000,homogeneous_qualified,2,0.07647225716122395,260642/3408321
0.81975,3279/4000,fixed_k1,1,0.019431971055749023,519841/26751841
0.81975,3279/4000,homogeneous_qualified,2,0.0762462689320006,1039682/13635841
0.82,41/50,fixed_k1,1,0.019373355656541497,81/4181
0.82,41/50,homogeneous_qualified,2,0.07602064758329423,162/2131
0.82025,3281/4000,fixed_k1,1,0.019314842267096895,516961/26764961
0.82025,3281/4000,homogeneous_qualified,2,0.075795393007868,1033922/13640961
0.8205,1641/2000,fixed_k1,1,0.019256430825529396,128881/6692881
0.8205,1641/2000,homogeneous_qualified,2,0.07557050509824295,257762/3410881
0.82075,3283/4000,fixed_k1,1,0.019198121269968144,514089/26778089
0.82075,3283/4000,homogeneous_qualified,2,0.07534598374669842,1028178/13646089
0.821,821/1000,fixed_k1,1,0.0191399135385573,32041/1674041
0.821,821/1000,homogeneous_qualified,2,0.07512182884527238,64082/853041
0.82125,657/800,fixed_k1,1,0.019081807569456044,20449/1071649
0.82125,657/800,homogeneous_qualified,2,0.0748980402857619,40898/546049
0.8215,1643/2000,fixed_k1,1,0.01902380330083862,127449/6699449
0.8215,1643/2000,homogeneous_qualified,2,0.07467461795972344,254898/3413449
0.82175,3287/4000,fixed_k1,1,0.01896590067089436,508369/26804369
0.82175,3287/4000,homogeneous_qualified,2,0.07445156175847328,1016738/13656369
0.822,411/500,fixed_k1,1,0.018908099617827703,7921/418921
0.822,411/500,homogeneous_qualified,2,0.07422887157308794,15842/213421
0.82225,3289/4000,fixed_k1,1,0.018850400079858238,505521/26817521
0.82225,3289/4000,homogeneous_qualified,2,0.07400654729440448,1011042/13661521
0.8225,329/400,fixed_k1,1,0.018792801995220716,5041/268241
0.8225,329/400,homogeneous_qualified,2,0.07378458881302098,10082/136641
0.82275,3291/4000,fixed_k1,1,0.018735305302165085,502681/26830681
0.82275,3291/4000,homogeneous_qualified,2,0.07356299601929686,1005362/13666681
0.823,823/1000,fixed_k1,1,0.01867790993895652,31329/1677329
0.823,823/1000,homogeneous_qualified,2,0.07334176880335327,62658/854329
0.82325,3293/4000,fixed_k1,1,0.018620615843875445,499849/26843849
0.82325,3293/4000,homogeneous_qualified,2,0.07312090705507353,999698/13671849
0.8235,1647/2000,fixed_k1,1,0.01856342295521756,124609/6712609
0.8235,1647/2000,homogeneous_qualified,2,0.07290041066410344,249218/3418609
0.82375,659/800,fixed_k1,1,0.01850633121129388,19881/1074281
0.82375,659/800,homogeneous_qualified,2,0.07268027951985172,39762/547081
0.824,103/125,fixed_k1,1,0.018449340550430737,242/13117
0.824,103/125,homogeneous_qualified,2,0.07246051351149038,968/13359
0.82425,3297/4000,fixed_k1,1,0.01839245091096984,494209/26870209
0.82425,3297/4000,homogeneous_qualified,2,0.07224111252795509,988418/13682209
0.8245,1649/2000,fixed_k1,1,0.01833566223126827,123201/6719201
0.8245,1649/2000,homogeneous_qualified,2,0.07202207645794562,246402/3421201
0.82475,3299/4000,fixed_k1,1,0.018278974449698532,491401/26883401
0.82475,3299/4000,homogeneous_qualified,2,0.07180340518992612,982802/13687401
0.825,33/40,fixed_k1,1,0.01822238750464857,49/2689
0.825,33/40,homogeneous_qualified,2,0.07158509861212564,98/1369
0.82525,3301/4000,fixed_k1,1,0.018165901334521787,488601/26896601
0.82525,3301/4000,homogeneous_qualified,2,0.07136715661253841,977202/13692601
0.8255,1651/2000,fixed_k1,1,0.01810951587773709,121801/6725801
0.8255,1651/2000,homogeneous_qualified,2,0.07114957907892427,243602/3423801
0.82575,3303/4000,fixed_k1,1,0.018053231072728906,485809/26909809
0.82575,3303/4000,homogeneous_qualified,2,0.07093236589880907,971618/13697809
0.826,413/500,fixed_k1,1,0.01799704685794721,7569/420569
0.826,413/500,homogeneous_qualified,2,0.07071551695948503,15138/214069
0.82625,661/800,fixed_k1,1,0.017940963171857546,19321/1076921
0.82625,661/800,homogeneous_qualified,2,0.07049903214801112,38642/548121
0.8265,1653/2000,fixed_k1,1,0.017884979952941065,120409/6732409
0.8265,1653/2000,homogeneous_qualified,2,0.07028291135121348,240818/3426409
0.82675,3307/4000,fixed_k1,1,0.017829097139694543,480249/26936249
0.82675,3307/4000,homogeneous_qualified,2,0.07006715445568577,960498/13708249
0.827,827/1000,fixed_k1,1,0.017773314670630414,29929/1683929
0.827,827/1000,homogeneous_qualified,2,0.0698517613477896,59858/856929
0.82725,3309/4000,fixed_k1,1,0.017717632484276786,477481/26949481
0.82725,3309/4000,homogeneous_qualified,2,0.0696367319136549,954962/13713481
0.8275,331/400,fixed_k1,1,0.017662050519177477,4761/269561
0.8275,331/400,homogeneous_qualified,2,0.06942206603918023,9522/137161
0.82775,3311/4000,fixed_k1,1,0.017606568713892042,474721/26962721
0.82775,3311/4000,homogeneous_qualified,2,0.06920776361003332,949442/13718721
0.828,207/250,fixed_k1,1,0.017551187006995796,1849/105349
0.828,207/250,homogeneous_qualified,2,0.06899382451165134,3698/53599
0.82825,3313/4000,fixed_k1,1,0.01749590533707983,471969/26975969
0.82825,3313/4000,homogeneous_qualified,2,0.06878024862924129,943938/13723969
0.8285,1657/2000,fixed_k1,1,0.017440723642751052,117649/6745649
0.8285,1657/2000,homogeneous_qualified,2,0.06856703584778047,235298/3431649
0.82875,663/800,fixed_k1,1,0.017385641862632216,18769/1079569
0.82875,663/800,homogeneous_qualified,2,0.06835418605201678,37538/549169
0.829,829/1000,fixed_k1,1,0.017330659935361932,29241/1687241
0.829,829/1000,homogeneous_qualified,2,0.06814169912646914,58482/858241
0.82925,3317/4000,fixed_k1,1,0.017275777799594695,466489/27002489
0.82925,3317/4000,homogeneous_qualified,2,0.0679295749554279,932978/13734489
0.8295,1659/2000,fixed_k1,1,0.017220995394000932,116281/6752281
0.8295,1659/2000,homogeneous_qualified,2,0.0677178134229552,232562/3434281
0.82975,3319/4000,fixed_k1,1,0.017166312657266994,463761/27015761
0.82975,3319/4000,homogeneous_qualified,2,0.06750641441288535,927522/13739761
0.83,83/100,fixed_k1,1,0.01711172952809521,289/16889
0.83,83/100,homogeneous_qualified,2,0.06729537780882525,578/8589
0.83025,3321/4000,fixed_k1,1,0.0170572459452039,461041/27029041
0.83025,3321/4000,homogeneous_qualified,2,0.06708470349415473,922082/13745041
0.8305,1661/2000,fixed_k1,1,0.017002861847327407,114921/6758921
0.8305,1661/2000,homogeneous_qualified,2,0.06687439135202701,229842/3436921
0.83075,3323/4000,fixed_k1,1,0.016948577173216108,458329/27042329
0.83075,3323/4000,homogeneous_qualified,2,0.066664441265369,916658/13750329
0.831,831/1000,fixed_k1,1,0.016894391861636462,28561/1690561
0.831,831/1000,homogeneous_qualified,2,0.06645485311688176,57122/859561
0.83125,133/160,fixed_k1,1,0.01684030585137102,729/43289
0.83125,133/160,homogeneous_qualified,2,0.06624562678904085,1458/22009
0.8315,1663/2000,fixed_k1,1,0.016786319081218446,113569/6765569
0.8315,1663/2000,homogeneous_qualified,2,0.06603676216409672,227138/3439569
0.83175,3327/4000,fixed_k1,1,0.016732431489993566,452929/27068929
0.83175,3327/4000,homogeneous_qualified,2,0.06582825912407513,905858/13760929
0.832,104/125,fixed_k1,1,0.016678643016527363,441/26441
0.832,104/125,homogeneous_qualified,2,0.06562011755077747,882/13441
0.83225,3329/4000,fixed_k1,1,0.01662495359966703,450241/27082241
0.83225,3329/4000,homogeneous_qualified,2,0.06541233732578124,900482/13766241
0.8325,333/400,fixed_k1,1,0.016571363178275973,4489/270889
0.8325,333/400,homogeneous_qualified,2,0.06520491833044034,8978/137689
0.83275,3331/4000,fixed_k1,1,0.01651787169123385,447561/27095561
0.83275,3331/4000,homogeneous_qualified,2,0.06499786044588554,895122/13771561
0.833,833/1000,fixed_k1,1,0.016464479077436596,27889/1693889
0.833,833/1000,homogeneous_qualified,2,0.06479116355302483,55778/860889
0.83325,3333/4000,fixed_k1,1,0.016411185275796436,444889/27108889
0.83325,3333/4000,homogeneous_qualified,2,0.06458482753254381,889778/13776889
0.8335,1667/2000,fixed_k1,1,0.016357990225241925,110889/6778889
0.8335,1667/2000,homogeneous_qualified,2,0.06437885226490607,221778/3444889
0.83375,667/800,fixed_k1,1,0.016304893864717958,17689/1084889
0.83375,667/800,homogeneous_qualified,2,0.06417323763035358,35378/551289
0.834,417/500,fixed_k1,1,0.01625189613318581,6889/423889
0.834,417/500,homogeneous_qualified,2,0.06396798350890714,13778/215389
0.83425,3337/4000,fixed_k1,1,0.016198996969623153,439569/27135569
0.83425,3337/4000,homogeneous_qualified,2,0.06376308978036664,879138/13787569
0.8345,1669/2000,fixed_k1,1,0.01614619631302408,109561/6785561
0.8345,1669/2000,homogeneous_qualified,2,0.0635585563243116,219122/3447561
0.83475,3339/4000,fixed_k1,1,0.016093494102399134,436921/27148921
0.83475,3339/4000,homogeneous_qualified,2,0.06335438302010139,873842/13792921
0.835,167/200,fixed_k1,1,0.016040890276775324,1089/67889
0.835,167/200,homogeneous_qualified,2,0.06315056974687581,2178/34489
0.83525,3341/4000,fixed_k1,1,0.015988384775196162,434281/27162281
0.83525,3341/4000,homogeneous_qualified,2,0.06294711638355531,868562/13798281
0.8355,1671/2000,fixed_k1,1,0.01593597753672168,108241/6792241
0.8355,1671/2000,homogeneous_qualified,2,0.06274402280884146,216482/3450241
0.83575,3343/4000,fixed_k1,1,0.015883668500428452,431649/27175649
0.83575,3343/4000,homogeneous_qualified,2,0.06254128890121735,863298/13803649
0.836,209/250,fixed_k1,1,0.015831457605409632,1681/106181
0.836,209/250,homogeneous_qualified,2,0.062338914538947916,3362/53931
0.83625,669/800,fixed_k1,1,0.015779344790774953,17161/1087561
0.83625,669/800,homogeneous_qualified,2,0.062136899600080384,34322/552361
0.8365,1673/2000,fixed_k1,1,0.015727329995650786,106929/6798929
0.8365,1673/2000,homogeneous_qualified,2,0.06193524396244464,213858/3452929
0.83675,3347/4000,fixed_k1,1,0.01567541315918013,426409/27202409
0.83675,3347/4000,homogeneous_qualified,2,0.06173394750365361,852818/13814409
0.837,837/1000,fixed_k1,1,0.01562359422052266,26569/1700569
0.837,837/1000,homogeneous_qualified,2,0.06153301010110367,53138/863569
0.83725,3349/4000,fixed_k1,1,0.015571873118854742,423801/27215801
0.83725,3349/4000,homogeneous_qualified,2,0.06133243163197502,847602/13819801
0.8375,67/80,fixed_k1,1,0.015520249793369455,169/10889
0.8375,67/80,homogeneous_qualified,2,0.06113221197323205,338/5529
0.83775,3351/4000,fixed_k1,1,0.015468724183276623,421201/27229201
0.83775,3351/4000,homogeneous_qualified,2,0.06093235100162377,842402/13825201
0.838,419/500,fixed_k1,1,0.01541729622780283,6561/425561
0.838,419/500,homogeneous_qualified,2,0.06073284859368419,13122/216061
0.83825,3353/4000,fixed_k1,1,0.01536596586619145,418609/27242609
0.83825,3353/4000,homogeneous_qualified,2,0.060533704625732675,837218/13830609
0.8385,1677/2000,fixed_k1,1,0.015314733037702671,104329/6812329
0.8385,1677/2000,homogeneous_qualified,2,0.06033491897387438,208658/3458329
0.83875,671/800,fixed_k1,1,0.015263597681613514,16641/1090241
0.83875,671/800,homogeneous_qualified,2,0.06013649151400059,33282/553441
0.839,839/1000,fixed_k1,1,0.015212559737217864,25921/1703921
0.839,839/1000,homogeneous_qualified,2,0.05993842212178916,51842/864921
0.83925,3357/4000,fixed_k1,1,0.015161619143826485,413449/27269449
0.83925,3357/4000,homogeneous_qualified,2,0.05974071067270486,826898/13841449
0.8395,1679/2000,fixed_k1,1,0.015110775840767051,103041/6819041
0.8395,1679/2000,homogeneous_qualified,2,0.05954335704199979,206082/3461041
0.83975,3359/4000,fixed_k1,1,0.015060029767384171,410881/27282881
0.83975,3359/4000,homogeneous_qualified,2,0.05934636110471376,821762/13846881
0.84,21/25,fixed_k1,1,0.0150093808630394,8/533
0.84,21/25,homogeneous_qualified,2,0.059149722735674676,32/541
0.84025,3361/4000,fixed_k1,1,0.014958829067111278,408321/27296321
0.84025,3361/4000,homogeneous_qualified,2,0.05895344180949893,816642/13852321
0.8405,1681/2000,fixed_k1,1,0.014908374318995348,101761/6825761
0.8405,1681/2000,homogeneous_qualified,2,0.05875751820059179,203522/3463761
0.84075,3363/4000,fixed_k1,1,0.014858016558104172,405769/27309769
0.84075,3363/4000,homogeneous_qualified,2,0.05856195178314778,811538/13857769
0.841,841/1000,fixed_k1,1,0.014807755723867366,25281/1707281
0.841,841/1000,homogeneous_qualified,2,0.05836674243115109,50562/866281
0.84125,673/800,fixed_k1,1,0.014757591755731617,16129/1092929
0.84125,673/800,homogeneous_qualified,2,0.05817189001837596,32258/554529
0.8415,1683/2000,fixed_k1,1,0.014707524593160706,100489/6832489
0.8415,1683/2000,homogeneous_qualified,2,0.05797739441838702,200978/3466489
0.84175,3367/4000,fixed_k1,1,0.014657554175635535,400689/27336689
0.84175,3367/4000,homogeneous_qualified,2,0.057783255504539756,801378/13868689
0.842,421/500,fixed_k1,1,0.014607680442654146,6241/427241
0.842,421/500,homogeneous_qualified,2,0.05758947314998085,12482/216741
0.84225,3369/4000,fixed_k1,1,0.014557903333731746,398161/27350161
0.84225,3369/4000,homogeneous_qualified,2,0.05739604722764858,796322/13874161
0.8425,337/400,fixed_k1,1,0.014508222788400733,3969/273569
0.8425,337/400,homogeneous_qualified,2,0.05720297761027319,7938/138769
0.84275,3371/4000,fixed_k1,1,0.01445863874621071,395641/27363641
0.84275,3371/4000,homogeneous_qualified,2,0.057010264170377314,791282/13879641
0.843,843/1000,fixed_k1,1,0.014409151146728522,24649/1710649
0.843,843/1000,homogeneous_qualified,2,0.05681790678027636,49298/867649
0.84325,3373/4000,fixed_k1,1,0.014359759929538266,393129/27377129
0.84325,3373/4000,homogeneous_qualified,2,0.056625905312078846,786258/13885129
0.8435,1687/2000,fixed_k1,1,0.014310465034241318,97969/6845969
0.8435,1687/2000,homogeneous_qualified,2,0.056434259637686855,195938/3471969
0.84375,27/32,fixed_k1,1,0.01426126640045636,25/1753
0.84375,27/32,homogeneous_qualified,2,0.0562429696287964,50/889
0.844,211/250,fixed_k1,1,0.0142121639678194,1521/107021
0.844,211/250,homogeneous_qualified,2,0.05605203515689779,3042/54271
0.84425,3377/4000,fixed_k1,1,0.01416315767598379,388129/27404129
0.84425,3377/4000,homogeneous_qualified,2,0.05586145609327605,776258/13896129
0.8445,1689/2000,fixed_k1,1,0.014114247464620259,96721/6852721
0.8445,1689/2000,homogeneous_qualified,2,0.05567123230901128,193442/3474721
0.84475,3379/4000,fixed_k1,1,0.014065433273416921,385641/27417641
0.84475,3379/4000,homogeneous_qualified,2,0.05548136367497909,771282/13901641
0.845,169/200,fixed_k1,1,0.014016715042079316,961/68561
0.845,169/200,homogeneous_qualified,2,0.055291850061850924,1922/34761
0.84525,3381/4000,fixed_k1,1,0.013968092710330416,383161/27431161
0.84525,3381/4000,homogeneous_qualified,2,0.0551026913400945,766322/13907161
0.8455,1691/2000,fixed_k1,1,0.013919566217910656,95481/6859481
0.8455,1691/2000,homogeneous_qualified,2,0.054913887379974186,190962/3477481
0.84575,3383/4000,fixed_k1,1,0.013871135504577954,380689/27444689
0.84575,3383/4000,homogeneous_qualified,2,0.054725438051551355,761378/13912689
0.846,423/500,fixed_k1,1,0.013822800510107734,5929/428929
0.846,423/500,homogeneous_qualified,2,0.05453734322468484,11858/217429
0.84625,677/800,fixed_k1,1,0.01377456117429295,15129/1098329
0.84625,677/800,homogeneous_qualified,2,0.05434960276903125,30258/556729
0.8465,1693/2000,fixed_k1,1,0.013726417436944102,94249/6866249
0.8465,1693/2000,homogeneous_qualified,2,0.05416221655404541,188498/3480249
0.84675,3387/4000,fixed_k1,1,0.013678369237889267,375769/27471769
0.84675,3387/4000,homogeneous_qualified,2,0.05397518444898073,751538/13923769
0.847,847/1000,fixed_k1,1,0.013630416516974116,23409/1717409
0.847,847/1000,homogeneous_qualified,2,0.05378850632288958,46818/870409
0.84725,3389/4000,fixed_k1,1,0.013582559214061936,373321/27485321
0.84725,3389/4000,homogeneous_qualified,2,0.05360218204462371,746642/13929321
0.8475,339/400,fixed_k1,1,0.013534797269033649,3721/274921
0.8475,339/400,homogeneous_qualified,2,0.053416211482834604,7442/139321
0.84775,3391/4000,fixed_k1,1,0.013487130621787847,370881/27498881
0.84775,3391/4000,homogeneous_qualified,2,0.053230594505973894,741762/13934881
0.848,106/125,fixed_k1,1,0.013439559212240795,361/26861
0.848,106/125,homogeneous_qualified,2,0.053045330982293734,722/13611
0.84825,3393/4000,fixed_k1,1,0.013392082980326469,368449/27512449
0.84825,3393/4000,homogeneous_qualified,2,0.05286042077984719,736898/13940449
0.8485,1697/2000,fixed_k1,1,0.01334470186599657,91809/6879809
0.8485,1697/2000,homogeneous_qualified,2,0.05267586376648864,183618/3485809
0.84875,679/800,fixed_k1,1,0.013297415809220546,14641/1101041
0.84875,679/800,homogeneous_qualified,2,0.05249165980987414,29282/557841
0.849,849/1000,fixed_k1,1,0.013250224749985617,22801/1720801
0.849,849/1000,homogeneous_qualified,2,0.05230780877746183,45602/871801
0.84925,3397/4000,fixed_k1,1,0.013203128628296793,363609/27539609
0.84925,3397/4000,homogeneous_qualified,2,0.052124310536512314,727218/13951609
0.8495,1699/2000,fixed_k1,1,0.013156127384176897,90601/6886601
0.8495,1699/2000,homogeneous_qualified,2,0.05194116495408905,181202/3488601
0.84975,3399/4000,fixed_k1,1,0.013109220957666588,361201/27553201
0.84975,3399/4000,homogeneous_qualified,2,0.05175837189705873,722402/13957201
0.85,17/20,fixed_k1,1,0.013062409288824383,9/689
0.85,17/20,homogeneous_qualified,2,0.05157593123209169,18/349
0.85025,3401/4000,fixed_k1,1,0.013015692317726674,358801/27566801
0.85025,3401/4000,homogeneous_qualified,2,0.05139384282566227,717602/13962801
0.8505,1701/2000,fixed_k1,1,0.012969069984467754,89401/6893401
0.8505,1701/2000,homogeneous_qualified,2,0.05121210654404922,178802/3491401
0.85075,3403/4000,fixed_k1,1,0.012922542229159836,356409/27580409
0.85075,3403/4000,homogeneous_qualified,2,0.05103072225333608,712818/13968409
0.851,851/1000,fixed_k1,1,0.012876108991933075,22201/1724201
0.851,851/1000,homogeneous_qualified,2,0.05084968981941157,44402/873201
0.85125,681/800,fixed_k1,1,0.01282977021293559,14161/1103761
0.85125,681/800,homogeneous_qualified,2,0.05066900910796997,28322/558961
0.8515,1703/2000,fixed_k1,1,0.012783525832333484,88209/6900209
0.8515,1703/2000,homogeneous_qualified,2,0.050488679984511516,176418/3494209
0.85175,3407/4000,fixed_k1,1,0.012737375790310866,351649/27607649
0.85175,3407/4000,homogeneous_qualified,2,0.0503087023143428,703298/13979649
0.852,213/250,fixed_k1,1,0.012691320027069871,1369/107869
0.852,213/250,homogeneous_qualified,2,0.050129075962577124,2738/54619
0.85225,3409/4000,fixed_k1,1,0.012645358482830684,349281/27621281
0.85225,3409/4000,homogeneous_qualified,2,0.04994980079413492,698562/13985281
0.8525,341/400,fixed_k1,1,0.012599491097831556,3481/276281
0.8525,341/400,homogeneous_qualified,2,0.04977087667374411,6962/139881
0.85275,3411/4000,fixed_k1,1,0.012553717812328828,346921/27634921
0.85275,3411/4000,homogeneous_qualified,2,0.04959230346594052,693842/13990921
0.853,853/1000,fixed_k1,1,0.012508038566596956,21609/1727609
0.853,853/1000,homogeneous_qualified,2,0.04941408103506824,43218/874609
0.85325,3413/4000,fixed_k1,1,0.012462453300928522,344569/27648569
0.85325,3413/4000,homogeneous_qualified,2,0.04923620924528004,689138/13996569
0.8535,1707/2000,fixed_k1,1,0.012416961955634263,85849/6913849
0.8535,1707/2000,homogeneous_qualified,2,0.04905868796053773,171698/3499849
0.85375,683/800,fixed_k1,1,0.012371564471043092,13689/1106489
0.85375,683/800,homogeneous_qualified,2,0.048881517044612556,27378/560089
0.854,427/500,fixed_k1,1,0.01232626078750211,5329/432329
0.854,427/500,homogeneous_qualified,2,0.0487046963610856,10658/218829
0.85425,3417/4000,fixed_k1,1,0.012281050845376638,339889/27675889
0.85425,3417/4000,homogeneous_qualified,2,0.048528225773348144,679778/14007889
0.8545,1709/2000,fixed_k1,1,0.01223593458505023,84681/6920681
0.8545,1709/2000,homogeneous_qualified,2,0.048352105144602094,169362/3502681
0.85475,3419/4000,fixed_k1,1,0.012190911946924692,337561/27689561
0.85475,3419/4000,homogeneous_qualified,2,0.0481763343378603,675122/14013561
0.855,171/200,fixed_k1,1,0.012145982871420113,841/69241
0.855,171/200,homogeneous_qualified,2,0.04800091321594703,1682/35041
0.85525,3421/4000,fixed_k1,1,0.012101147298974874,335241/27703241
0.85525,3421/4000,homogeneous_qualified,2,0.04782584164149828,670482/14019241
0.8555,1711/2000,fixed_k1,1,0.012056405170045676,83521/6927521
0.8555,1711/2000,homogeneous_qualified,2,0.0476511194769622,167042/3505521
0.85575,3423/4000,fixed_k1,1,0.012011756425107559,332929/27716929
0.85575,3423/4000,homogeneous_qualified,2,0.047476746584599466,665858/14024929
0.856,107/125,fixed_k1,1,0.011967201004653911,162/13537
0.856,107/125,homogeneous_qualified,2,0.047302722826483685,648/13699
0.85625,137/160,fixed_k1,1,0.01192273884919651,529/44369
0.85625,137/160,homogeneous_qualified,2,0.04712904806450176,1058/22449
0.8565,1713/2000,fixed_k1,1,0.011878369899265528,82369/6934369
0.8565,1713/2000,homogeneous_qualified,2,0.046955722160354284,164738/3508369
0.85675,3427/4000,fixed_k1,1,0.011834094095409552,328329/27744329
0.85675,3427/4000,homogeneous_qualified,2,0.04678274497555593,656658/14036329
0.857,857/1000,fixed_k1,1,0.011789911378195612,20449/1734449
0.857,857/1000,homogeneous_qualified,2,0.046610116371435834,40898/877449
0.85725,3429/4000,fixed_k1,1,0.011745821688209193,326041/27758041
0.85725,3429/4000,homogeneous_qualified,2,0.046437836209137974,652082/14042041
0.8575,343/400,fixed_k1,1,0.011701824966054262,3249/277649
0.8575,343/400,homogeneous_qualified,2,0.04626590434962157,6498/140449
0.85775,3431/4000,fixed_k1,1,0.011657921152353284,323761/27771761
0.85775,3431/4000,homogeneous_qualified,2,0.04609432065366146,647522/14047761
0.858,429/500,fixed_k1,1,0.01161411018774724,5041/434041
0.858,429/500,homogeneous_qualified,2,0.045923084981848494,10082/219541
0.85825,3433/4000,fixed_k1,1,0.011570392012895652,321489/27785489
0.85825,3433/4000,homogeneous_qualified,2,0.0457521971945899,642978/14053489
0.8585,1717/2000,fixed_k1,1,0.011526766568476598,80089/6948089
0.8585,1717/2000,homogeneous_qualified,2,0.04558165715210969,160178/3514089
0.85875,687/800,fixed_k1,1,0.011483233795186737,12769/1111969
0.85875,687/800,homogeneous_qualified,2,0.045411464714449054,25538/562369
0.859,859/1000,fixed_k1,1,0.01143979363374132,19881/1737881
0.859,859/1000,homogeneous_qualified,2,0.045241619741466704,39762/878881
0.85925,3437/4000,fixed_k1,1,0.011396446024874224,316969/27812969
0.85925,3437/4000,homogeneous_qualified,2,0.04507212209283931,633938/14064969
0.8595,1719/2000,fixed_k1,1,0.011353190909337953,78961/6954961
0.8595,1719/2000,homogeneous_qualified,2,0.04490297162806184,157922/3516961
0.85975,3439/4000,fixed_k1,1,0.011310028227903677,314721/27826721
0.85975,3439/4000,homogeneous_qualified,2,0.04473416820644799,629442/14070721
0.86,43/50,fixed_k1,1,0.011266957921361233,49/4349
0.86,43/50,homogeneous_qualified,2,0.04456571168713051,98/2199
0.86025,3441/4000,fixed_k1,1,0.01122397993051916,312481/27840481
0.86025,3441/4000,homogeneous_qualified,2,0.04439760192906168,624962/14076481
0.8605,1721/2000,fixed_k1,1,0.011181094196204711,77841/6961841
0.8605,1721/2000,homogeneous_qualified,2,0.044229838791013575,155682/3519841
0.86075,3443/4000,fixed_k1,1,0.01113830065926387,310249/27854249
0.86075,3443/4000,homogeneous_qualified,2,0.04406242213157856,620498/14082249
0.861,861/1000,fixed_k1,1,0.01109559926056138,19321/1741321
0.861,861/1000,homogeneous_qualified,2,0.04389535180916961,38642/880321
0.86125,689/800,fixed_k1,1,0.011052989940980747,12321/1114721
0.86125,689/800,homogeneous_qualified,2,0.043728627682020724,24642/563521
0.8615,1723/2000,fixed_k1,1,0.011010472641424282,76729/6968729
0.8615,1723/2000,homogeneous_qualified,2,0.04356224960818729,153458/3522729
0.86175,3447/4000,fixed_k1,1,0.010968047302813099,305809/27881809
0.86175,3447/4000,homogeneous_qualified,2,0.04339621744554648,611618/14093809
0.862,431/500,fixed_k1,1,0.010925713866087145,4761/435761
0.862,431/500,homogeneous_qualified,2,0.04323053105179764,9522/220261
0.86225,3449/4000,fixed_k1,1,0.010883472272205213,303601/27895601
0.86225,3449/4000,homogeneous_qualified,2,0.04306519028446266,607202/14099601
0.8625,69/80,fixed_k1,1,0.010841322462144969,121/11161
0.8625,69/80,homogeneous_qualified,2,0.04290019500088637,242/5641
0.86275,3451/4000,fixed_k1,1,0.010799264376902965,301401/27909401
0.86275,3451/4000,homogeneous_qualified,2,0.042735545058236915,602802/14105401
0.863,863/1000,fixed_k1,1,0.010757297957494659,18769/1744769
0.863,863/1000,homogeneous_qualified,2,0.04257124031350615,37538/881769
0.86325,3453/4000,fixed_k1,1,0.010715423144954436,299209/27923209
0.86325,3453/4000,homogeneous_qualified,2,0.042407280623510006,598418/14111209
0.8635,1727/2000,fixed_k1,1,0.01067363988033562,74529/6982529
0.8635,1727/2000,homogeneous_qualified,2,0.0422436658448889,149058/3528529
0.86375,691/800,fixed_k1,1,0.010631948104710505,11881/1117481
0.86375,691/800,homogeneous_qualified,2,0.04208039583410811,23762/564681
0.864,108/125,fixed_k1,1,0.010590347759170362,289/27289
0.864,108/125,homogeneous_qualified,2,0.04191747044745812,578/13789
0.86425,3457/4000,fixed_k1,1,0.010548838784825463,294849/27950849
0.86425,3457/4000,homogeneous_qualified,2,0.041754889541055065,589698/14122849
0.8645,1729/2000,fixed_k1,1,0.0105074211228051,73441/6989441
0.8645,1729/2000,homogeneous_qualified,2,0.04159265297084108,146882/3531441
0.86475,3459/4000,fixed_k1,1,0.010466094714257603,292681/27964681
0.86475,3459/4000,homogeneous_qualified,2,0.04143076059258469,585362/14128681
0.865,173/200,fixed_k1,1,0.010424859500350355,729/69929
0.865,173/200,homogeneous_qualified,2,0.041269212261881176,1458/35329
0.86525,3461/4000,fixed_k1,1,0.01038371542226982,290521/27978521
0.86525,3461/4000,homogeneous_qualified,2,0.04110800783415299,581042/14134521
0.8655,1731/2000,fixed_k1,1,0.010342662421221546,72361/6996361
0.8655,1731/2000,homogeneous_qualified,2,0.04094714716465013,144722/3534361
0.86575,3463/4000,fixed_k1,1,0.010301700438430202,288369/27992369
0.86575,3463/4000,homogeneous_qualified,2,0.040786630108450496,576738/14140369
0.866,433/500,fixed_k1,1,0.01026082941513958,4489/437489
0.866,433/500,homogeneous_qualified,2,0.04062645652046029,8978/220989
0.86625,693/800,fixed_k1,1,0.010220049292612625,11449/1120249
0.86625,693/800,homogeneous_qualified,2,0.04046662625541443,22898/565849
0.8665,1733/2000,fixed_k1,1,0.010179360012131444,71289/7003289
0.8665,1733/2000,homogeneous_qualified,2,0.04030713916787687,142578/3537289
0.86675,3467/4000,fixed_k1,1,0.010138761514997329,284089/28020089
0.86675,3467/4000,homogeneous_qualified,2,0.04014799511224103,568178/14152089
0.867,867/1000,fixed_k1,1,0.01009825374253078,17689/1751689
0.867,867/1000,homogeneous_qualified,2,0.03998919394273016,35378/884689
0.86725,3469/4000,fixed_k1,1,0.010057836636071514,281961/28033961
0.86725,3469/4000,homogeneous_qualified,2,0.039830735513397726,563922/14157961
0.8675,347/400,fixed_k1,1,0.010017510136978484,2809/280409
0.8675,347/400,homogeneous_qualified,2,0.0396726196781278,5618/141609
0.86775,3471/4000,fixed_k1,1,0.009977274186629909,279841/28047841
0.86775,3471/4000,homogeneous_qualified,2,0.03951484629063543,559682/14163841
0.868,217/250,fixed_k1,1,0.009937128726423272,1089/109589
0.868,217/250,homogeneous_qualified,2,0.03935741520446701,2178/55339
0.86825,3473/4000,fixed_k1,1,0.009897073697775358,277729/28061729
0.86825,3473/4000,homogeneous_qualified,2,0.039200326273000706,555458/14169729
0.8685,1737/2000,fixed_k1,1,0.009857109042122258,69169/7017169
0.8685,1737/2000,homogeneous_qualified,2,0.03904357934944678,138338/3543169
0.86875,139/160,fixed_k1,1,0.009817234700919391,441/44921
0.86875,139/160,homogeneous_qualified,2,0.03888717428684802,882/22681
0.869,869/1000,fixed_k1,1,0.009777450615641527,17161/1755161
0.869,869/1000,homogeneous_qualified,2,0.0387311109380801,34322/886161
0.86925,3477/4000,fixed_k1,1,0.009737756727782798,273529/28089529
0.86925,3477/4000,homogeneous_qualified,2,0.03857538915585195,547058/14181529
0.8695,1739/2000,fixed_k1,1,0.009698152978856714,68121/7024121
0.8695,1739/2000,homogeneous_qualified,2,0.03842000879270617,136242/3546121
0.86975,3479/4000,fixed_k1,1,0.00965863931039619,271441/28103441
0.86975,3479/4000,homogeneous_qualified,2,0.03826496970101937,542882/14187441
0.87,87/100,fixed_k1,1,0.009619215663953554,169/17569
0.87,87/100,homogeneous_qualified,2,0.03811027173300259,338/8869
0.87025,3481/4000,fixed_k1,1,0.009579881981100574,269361/28117361
0.87025,3481/4000,homogeneous_qualified,2,0.03795591474070165,538722/14193361
0.8705,1741/2000,fixed_k1,1,0.009540638203428462,67081/7031081
0.8705,1741/2000,homogeneous_qualified,2,0.03780189857599756,134162/3549081
0.87075,3483/4000,fixed_k1,1,0.009501484272547909,267289/28131289
0.87075,3483/4000,homogeneous_qualified,2,0.037648223090606864,534578/14199289
0.871,871/1000,fixed_k1,1,0.009462420130089086,16641/1758641
0.871,871/1000,homogeneous_qualified,2,0.037494888136082045,33282/887641
0.87125,697/800,fixed_k1,1,0.00942344571770167,10609/1125809
0.87125,697/800,homogeneous_qualified,2,0.03734189356381191,21218/568209
0.8715,1743/2000,fixed_k1,1,0.009384560977054862,66049/7038049
0.8715,1743/2000,homogeneous_qualified,2,0.03718923922502195,132098/3552049
0.87175,3487/4000,fixed_k1,1,0.0093457658498374,263169/28159169
0.87175,3487/4000,homogeneous_qualified,2,0.03703692497077475,526338/14211169
0.872,109/125,fixed_k1,1,0.00930706027775758,128/13753
0.872,109/125,homogeneous_qualified,2,0.03688495065197032,512/13881
0.87225,3489/4000,fixed_k1,1,0.009268444202543268,261121/28173121
0.87225,3489/4000,homogeneous_qualified,2,0.03673331611934653,522242/14217121
0.8725,349/400,fixed_k1,1,0.009229917565941924,2601/281801
0.8725,349/400,homogeneous_qualified,2,0.03658202122347944,5202/142201
0.87275,3491/4000,fixed_k1,1,0.009191480309720612,259081/28187081
0.87275,3491/4000,homogeneous_qualified,2,0.03643106581478373,518162/14223081
0.873,873/1000,fixed_k1,1,0.009153132375666027,16129/1762129
0.873,873/1000,homogeneous_qualified,2,0.036280449743513035,32258/889129
0.87325,3493/4000,fixed_k1,1,0.009114873705584498,257049/28201049
0.87325,3493/4000,homogeneous_qualified,2,0.03613017285976034,514098/14229049
0.8735,1747/2000,fixed_k1,1,0.009076704241302018,64009/7052009
0.8735,1747/2000,homogeneous_qualified,2,0.03598023501345837,128018/3558009
0.87375,699/800,fixed_k1,1,0.009038623924664252,10201/1128601
0.87375,699/800,homogeneous_qualified,2,0.03583063605437995,20402/569401
0.874,437/500,fixed_k1,1,0.009000632697536561,3969/440969
0.874,437/500,homogeneous_qualified,2,0.03568137583213841,7938/222469
0.87425,3497/4000,fixed_k1,1,0.008962730501804014,253009/28229009
0.87425,3497/4000,homogeneous_qualified,2,0.035532454196187925,506018/14241009
0.8745,1749/2000,fixed_k1,1,0.008924917279371402,63001/7059001
0.8745,1749/2000,homogeneous_qualified,2,0.03538387099582393,126002/3561001
0.87475,3499/4000,fixed_k1,1,0.008887192972163263,251001/28243001
0.87475,3499/4000,homogeneous_qualified,2,0.03523562608018347,502002/14247001
0.875,7/8,fixed_k1,1,0.008849557522123894,1/113
0.875,7/8,homogeneous_qualified,2,0.03508771929824561,2/57
0.87525,3501/4000,fixed_k1,1,0.008812010871217366,249001/28257001
0.87525,3501/4000,homogeneous_qualified,2,0.03494015049883179,498002/14253001
0.8755,1751/2000,fixed_k1,1,0.008774552961427547,62001/7066001
0.8755,1751/2000,homogeneous_qualified,2,0.03479291953060619,124002/3564001
0.87575,3503/4000,fixed_k1,1,0.008737183734758106,247009/28271009
0.87575,3503/4000,homogeneous_qualified,2,0.03464602624207615,494018/14259009
0.876,219/250,fixed_k1,1,0.008699903133232543,961/110461
0.876,219/250,homogeneous_qualified,2,0.034499470481592506,1922/55711
0.87625,701/800,fixed_k1,1,0.008662711098894204,9801/1131401
0.87625,701/800,homogeneous_qualified,2,0.03435325209734999,19602/570601
0.8765,1753/2000,fixed_k1,1,0.008625607573806282,61009/7073009
0.8765,1753/2000,homogeneous_qualified,2,0.0342073709373876,122018/3567009
0.87675,3507/4000,fixed_k1,1,0.008588592500051857,243049/28299049
0.87675,3507/4000,homogeneous_qualified,2,0.034061826849588986,486098/14271049
0.877,877/1000,fixed_k1,1,0.008551665819733892,15129/1769129
0.877,877/1000,homogeneous_qualified,2,0.0339166196816828,30258/892129
0.87725,3509/4000,fixed_k1,1,0.00851482747497526,241081/28313081
0.87725,3509/4000,homogeneous_qualified,2,0.03377174928124314,482162/14277081
0.8775,351/400,fixed_k1,1,0.008478077407918757,2401/283201
0.8775,351/400,homogeneous_qualified,2,0.033627215495689804,4802/142801
0.87775,3511/4000,fixed_k1,1,0.00844141556072712,239121/28327121
0.87775,3511/4000,homogeneous_qualified,2,0.03348301817228882,478242/14283121
0.878,439/500,fixed_k1,1,0.008404841875583042,3721/442721
0.878,439/500,homogeneous_qualified,2,0.03333915715815268,7442/223221
0.87825,3513/4000,fixed_k1,1,0.008368356294689185,237169/28341169
0.87825,3513/4000,homogeneous_qualified,2,0.033195632300240835,474338/14289169
0.8785,1757/2000,fixed_k1,1,0.008331958760268201,59049/7087049
0.8785,1757/2000,homogeneous_qualified,2,0.03305244344535997,118098/3573049
0.87875,703/800,fixed_k1,1,0.008295649214562748,9409/1134209
0.87875,703/800,homogeneous_qualified,2,0.03290959044016446,18818/571809
0.879,879/1000,fixed_k1,1,0.0082594275998355,14641/1772641
0.879,879/1000,homogeneous_qualified,2,0.0327670731311567,29282/893641
0.87925,3517/4000,fixed_k1,1,0.008223293858369169,233289/28369289
0.87925,3517/4000,homogeneous_qualified,2,0.03262489136468748,466578/14301289
0.8795,1759/2000,fixed_k1,1,0.008187247932466517,58081/7094081
0.8795,1759/2000,homogeneous_qualified,2,0.032483044986956394,116162/3576081
0.87975,3519/4000,fixed_k1,1,0.008151289764450377,231361/28383361
0.87975,3519/4000,homogeneous_qualified,2,0.032341533844012185,462722/14307361
0.88,22/25,fixed_k1,1,0.008115419296663661,9/1109
0.88,22/25,homogeneous_qualified,2,0.03220035778175313,18/559
0.88025,3521/4000,fixed_k1,1,0.008079636471469384,229441/28397441
0.88025,3521/4000,homogeneous_qualified,2,0.03205951664592742,458882/14313441
0.8805,1761/2000,fixed_k1,1,0.008043941231250672,57121/7101121
0.8805,1761/2000,homogeneous_qualified,2,0.031919010282133516,114242/3579121
0.88075,3523/4000,fixed_k1,1,0.008008333518410782,227529/28411529
0.88075,3523/4000,homogeneous_qualified,2,0.03177883853582056,455058/14319529
0.881,881/1000,fixed_k1,1,0.007972813275373122,14161/1776161
0.881,881/1000,homogeneous_qualified,2,0.0316390012522887,28322/895161
0.88125,141/160,fixed_k1,1,0.007937380444581253,361/45481
0.88125,141/160,homogeneous_qualified,2,0.0314994982766895,722/22921
0.8815,1763/2000,fixed_k1,1,0.00790203496849892,56169/7108169
0.8815,1763/2000,homogeneous_qualified,2,0.031360329454026316,112338/3582169
0.88175,3527/4000,fixed_k1,1,0.007866776789610055,223729/28439729
0.88175,3527/4000,homogeneous_qualified,2,0.031221494629154654,447458/14331729
0.882,441/500,fixed_k1,1,0.007831605850418803,3481/444481
0.882,441/500,homogeneous_qualified,2,0.03108299364678254,6962/223981
0.88225,3529/4000,fixed_k1,1,0.007796522093449528,221841/28453841
0.88225,3529/4000,homogeneous_qualified,2,0.03094482635147091,443682/14337841
0.8825,353/400,fixed_k1,1,0.007761525461246833,2209/284609
0.8825,353/400,homogeneous_qualified,2,0.03080699258763397,4418/143409
0.88275,3531/4000,fixed_k1,1,0.007726615896375578,219961/28467961
0.88275,3531/4000,homogeneous_qualified,2,0.030669492199539582,439922/14343961
0.883,883/1000,fixed_k1,1,0.007691793341420889,13689/1779689
0.883,883/1000,homogeneous_qualified,2,0.030532325031309628,27378/896689
0.88325,3533/4000,fixed_k1,1,0.007657057738988176,218089/28482089
0.88325,3533/4000,homogeneous_qualified,2,0.030395490926920385,436178/14350089
0.8835,1767/2000,fixed_k1,1,0.007622409031703151,54289/7122289
0.8835,1767/2000,homogeneous_qualified,2,0.03025898973020289,108578/3588289
0.88375,707/800,fixed_k1,1,0.007587847162211837,8649/1139849
0.88375,707/800,homogeneous_qualified,2,0.030122821284843334,17298/574249
0.884,221/250,fixed_k1,1,0.007553372073180589,841/111341
0.884,221/250,homogeneous_qualified,2,0.029986985434383412,1682/56091
0.88425,3537/4000,fixed_k1,1,0.007518983707296107,214369/28510369
0.88425,3537/4000,homogeneous_qualified,2,0.029851482022220707,428738/14362369
0.8845,1769/2000,fixed_k1,1,0.007484682007265448,53361/7129361
0.8845,1769/2000,homogeneous_qualified,2,0.02971631089160906,106722/3591361
0.88475,3539/4000,fixed_k1,1,0.007450466915816045,212521/28524521
0.88475,3539/4000,homogeneous_qualified,2,0.029581471885658933,425042/14368521
0.885,177/200,fixed_k1,1,0.00741633837569572,529/71329
0.885,177/200,homogeneous_qualified,2,0.029446964847337807,1058/35929
0.88525,3541/4000,fixed_k1,1,0.0073822963296727,210681/28538681
0.88525,3541/4000,homogeneous_qualified,2,0.029312789619470512,421362/14374681
0.8855,1771/2000,fixed_k1,1,0.007348340720535629,52441/7136441
0.8855,1771/2000,homogeneous_qualified,2,0.02917894604473964,104882/3594441
0.88575,3543/4000,fixed_k1,1,0.007314471491093585,208849/28552849
0.88575,3543/4000,homogeneous_qualified,2,0.02904543396568589,417698/14380849
0.886,443/500,fixed_k1,1,0.007280688584176099,3249/446249
0.886,443/500,homogeneous_qualified,2,0.028912253224708452,6498/224749
0.88625,709/800,fixed_k1,1,0.0072469919426331585,8281/1142681
0.88625,709/800,homogeneous_qualified,2,0.028779403664065364,16562/575481
0.8865,1773/2000,fixed_k1,1,0.007213381509335232,51529/7143529
0.8865,1773/2000,homogeneous_qualified,2,0.0286468851258739,103058/3597529
0.88675,3547/4000,fixed_k1,1,0.00717985722717328,205209/28581209
0.88675,3547/4000,homogeneous_qualified,2,0.028514697452110924,410418/14393209
0.887,887/1000,fixed_k1,1,0.00714641903905877,12769/1786769
0.887,887/1000,homogeneous_qualified,2,0.028382840484613273,25538/899769
0.88725,3549/4000,fixed_k1,1,0.007113066887923691,203401/28595401
0.88725,3549/4000,homogeneous_qualified,2,0.028251314065078123,406802/14399401
0.8875,71/80,fixed_k1,1,0.007079800716720566,81/11441
0.8875,71/80,homogeneous_qualified,2,0.028120118035063358,162/5761
0.88775,3551/4000,fixed_k1,1,0.007046620468422471,201601/28609601
0.88775,3551/4000,homogeneous_qualified,2,0.027989252235987933,403202/14405601
0.888,111/125,fixed_k1,1,0.0070135260860230446,98/13973
0.888,111/125,homogeneous_qualified,2,0.02785871650913226,392/14071
0.88825,3553/4000,fixed_k1,1,0.006980517512536504,199809/28623809
0.88825,3553/4000,homogeneous_qualified,2,0.027728510695638555,399618/14411809
0.8885,1777/2000,fixed_k1,1,0.0069475946909976615,49729/7157729
0.8885,1777/2000,homogeneous_qualified,2,0.027598634636511236,99458/3603729
0.88875,711/800,fixed_k1,1,0.006914757564461935,7921/1145521
0.88875,711/800,homogeneous_qualified,2,0.027469088172617263,15842/576721
0.889,889/1000,fixed_k1,1,0.006882006076005365,12321/1790321
0.889,889/1000,homogeneous_qualified,2,0.02733987114468652,24642/901321
0.88925,3557/4000,fixed_k1,1,0.006849340168724626,196249/28652249
0.88925,3557/4000,homogeneous_qualified,2,0.027210983393312193,392498/14424249
0.8895,1779/2000,fixed_k1,1,0.006816759785737045,48841/7164841
0.8895,1779/2000,homogeneous_qualified,2,0.027082424758951115,97682/3606841
0.88975,3559/4000,fixed_k1,1,0.006784264870180612,194481/28666481
0.88975,3559/4000,homogeneous_qualified,2,0.02695419508192416,388962/14430481
0.89,89/100,fixed_k1,1,0.006751855365213995,121/17921
0.89,89/100,homogeneous_qualified,2,0.026826294202416584,242/9021
0.89025,3561/4000,fixed_k1,1,0.006719531214016552,192721/28680721
0.89025,3561/4000,homogeneous_qualified,2,0.02669872196047842,385442/14436721
0.8905,1781/2000,fixed_k1,1,0.006687292359788348,47961/7171961
0.8905,1781/2000,homogeneous_qualified,2,0.02657147819602483,95922/3609961
0.89075,3563/4000,fixed_k1,1,0.00665513874575017,190969/28694969
0.89075,3563/4000,homogeneous_qualified,2,0.026444562748836477,381938/14442969
0.891,891/1000,fixed_k1,1,0.006623070315143535,11881/1793881
0.891,891/1000,homogeneous_qualified,2,0.026317975458559878,23762/902881
0.89125,713/800,fixed_k1,1,0.006591087011230711,7569/1148369
0.89125,713/800,homogeneous_qualified,2,0.026191716164707796,15138/577969
0.8915,1783/2000,fixed_k1,1,0.006559188777294724,47089/7179089
0.8915,1783/2000,homogeneous_qualified,2,0.026065784706659594,94178/3613089
0.89175,3567/4000,fixed_k1,1,0.006527375556639376,187489/28723489
0.89175,3567/4000,homogeneous_qualified,2,0.025940180923661592,374978/14455489
0.892,223/250,fixed_k1,1,0.0064956472925892595,729/112229
0.892,223/250,homogeneous_qualified,2,0.02581490465482746,1458/56479
0.89225,3569/4000,fixed_k1,1,0.006464003928489766,185761/28737761
0.89225,3569/4000,homogeneous_qualified,2,0.025689955739138546,371522/14461761
0.8925,357/400,fixed_k1,1,0.006432445407707106,1849/287449
0.8925,357/400,homogeneous_qualified,2,0.025565334015444283,3698/144649
0.89275,3571/4000,fixed_k1,1,0.006400971673628317,184041/28752041
0.89275,3571/4000,homogeneous_qualified,2,0.025441039322462524,368082/14468041
0.893,893/1000,fixed_k1,1,0.006369582669661281,11449/1797449
0.893,893/1000,homogeneous_qualified,2,0.02531707149877992,22898/904449
0.89325,3573/4000,fixed_k1,1,0.006338278339234735,182329/28766329
0.89325,3573/4000,homogeneous_qualified,2,0.02519343038285229,364658/14474329
0.8935,1787/2000,fixed_k1,1,0.006307058625798287,45369/7193369
0.8935,1787/2000,homogeneous_qualified,2,0.025070115813004973,90738/3619369
0.89375,143/160,fixed_k1,1,0.006275923472822428,289/46049
0.89375,143/160,homogeneous_qualified,2,0.02494712762743321,578/23169
0.894,447/500,fixed_k1,1,0.006244872823798545,2809/449809
0.894,447/500,homogeneous_qualified,2,0.024824465664202485,5618/226309
0.89425,3577/4000,fixed_k1,1,0.0062139066222389365,178929/28794929
0.89425,3577/4000,homogeneous_qualified,2,0.024702129761248918,357858/14486929
0.8945,1789/2000,fixed_k1,1,0.006183024811676822,44521/7200521
0.8945,1789/2000,homogeneous_qualified,2,0.024580119756379606,89042/3622521
0.89475,3579/4000,fixed_k1,1,0.006152227335666358,177241/28809241
0.89475,3579/4000,homogeneous_qualified,2,0.024458435487272997,354482/14493241
0.895,179/200,fixed_k1,1,0.006121514137782651,441/72041
0.895,179/200,homogeneous_qualified,2,0.024337076791479263,882/36241
0.89525,3581/4000,fixed_k1,1,0.006090885161621772,175561/28823561
0.89525,3581/4000,homogeneous_qualified,2,0.02421604350642064,351122/14499561
0.8955,1791/2000,fixed_k1,1,0.0060603403508007634,43681/7207681
0.8955,1791/2000,homogeneous_qualified,2,0.02409533546939182,87362/3625681
0.89575,3583/4000,fixed_k1,1,0.006029879648957661,173889/28837889
0.89575,3583/4000,homogeneous_qualified,2,0.023974952517560284,347778/14505889
0.896,112/125,fixed_k1,1,0.0059995029997515,169/28169
0.896,112/125,homogeneous_qualified,2,0.02385489448796669,338/14169
0.89625,717/800,fixed_k1,1,0.0059692103468623305,6889/1154089
0.89625,717/800,homogeneous_qualified,2,0.023735161217525225,13778/580489
0.8965,1793/2000,fixed_k1,1,0.005939001633991231,42849/7214849
0.8965,1793/2000,homogeneous_qualified,2,0.023615752543023973,85698/3628849
0.89675,3587/4000,fixed_k1,1,0.005908876804860321,170569/28866569
0.89675,3587/4000,homogeneous_qualified,2,0.02349666830112527,341138/14518569
0.897,897/1000,fixed_k1,1,0.005878835803212774,10609/1804609
0.897,897/1000,homogeneous_qualified,2,0.02337790832836607,21218/907609
0.89725,3589/4000,fixed_k1,1,0.005848878572812827,168921/28880921
0.89725,3589/4000,homogeneous_qualified,2,0.02325947246115831,337842/14524921
0.8975,359/400,fixed_k1,1,0.005819005057445799,1681/288881
0.8975,359/400,homogeneous_qualified,2,0.023141360535789263,3362/145281
0.89775,3591/4000,fixed_k1,1,0.005789215200918101,167281/28895281
0.89775,3591/4000,homogeneous_qualified,2,0.023023572388421915,334562/14531281
0.898,449/500,fixed_k1,1,0.005759508947057248,2601/451601
0.898,449/500,homogeneous_qualified,2,0.02290610785509531,5202/227101
0.89825,3593/4000,fixed_k1,1,0.005729886239711869,165649/28909649
0.89825,3593/4000,homogeneous_qualified,2,0.02278896677172492,331298/14537649
0.8985,1797/2000,fixed_k1,1,0.005700347022751728,41209/7229209
0.8985,1797/2000,homogeneous_qualified,2,0.022672148974103003,82418/3635209
0.89875,719/800,fixed_k1,1,0.0056708912400677295,6561/1156961
0.89875,719/800,homogeneous_qualified,2,0.022555654297898964,13122/581761
0.899,899/1000,fixed_k1,1,0.00564151883557193,10201/1808201
0.899,899/1000,homogeneous_qualified,2,0.022439482578659724,20402/909201
0.89925,3597/4000,fixed_k1,1,0.005612229753197558,162409/28938409
0.89925,3597/4000,homogeneous_qualified,2,0.022323633651810063,324818/14550409
0.8995,1799/2000,fixed_k1,1,0.00558302393689902,40401/7236401
0.8995,1799/2000,homogeneous_qualified,2,0.02220810735265299,80802/3638401
0.89975,3599/4000,fixed_k1,1,0.005553901330651912,160801/28952801
0.89975,3599/4000,homogeneous_qualified,2,0.022092903516370114,321602/14556801
0.9,9/10,fixed_k1,1,0.0055248618784530384,1/181
0.9,9/10,homogeneous_qualified,2,0.02197802197802198,2/91
0.90025,3601/4000,fixed_k1,1,0.00549590552432042,159201/28967201
0.90025,3601/4000,homogeneous_qualified,3,0.054243637942090146,23007346915203/424148301774401
0.9005,1801/2000,fixed_k1,1,0.0054670322122933055,39601/7243601
0.9005,1801/2000,homogeneous_qualified,3,0.05396235336057124,1431132737603/26520947447201
0.90075,3603/4000,fixed_k1,1,0.005438241886432185,157609/28981609
0.90075,3603/4000,homogeneous_qualified,3,0.05368183892726396,22789130870643/424522172228881
0.901,901/1000,fixed_k1,1,0.005409534490818804,9801/1811801
0.901,901/1000,homogeneous_qualified,3,0.05340209442013831,88595188803/1659020863601
0.90125,721/800,fixed_k1,1,0.005380909969556172,6241/1159841
0.90125,721/800,homogeneous_qualified,3,0.05312311961625611,36114938243/679834665281
0.9015,1803/2000,fixed_k1,1,0.005352368266768577,38809/7250809
0.9015,1803/2000,homogeneous_qualified,3,0.0528449142917724,1403970955443/26567759154481
0.90175,3607/4000,fixed_k1,1,0.005323909326601598,154449/29010449
0.90175,3607/4000,homogeneous_qualified,3,0.052567478221936706,22355465200803/425271783181601
0.902,451/500,fixed_k1,1,0.005295533093222115,2401/453401
0.902,451/500,homogeneous_qualified,3,0.05229081118109443,5431549403/103871966801
0.90225,3609/4000,fixed_k1,1,0.005267239510818322,152881/29024881
0.90225,3609/4000,homogeneous_qualified,3,0.05201491294268813,22140018960483/425647525064161
0.9025,361/400,fixed_k1,1,0.00523902852359974,1521/290321
0.9025,361/400,homogeneous_qualified,3,0.05173978327925892,2203264323/42583563041
0.90275,3611/4000,fixed_k1,1,0.005210900075797227,151321/29039321
0.90275,3611/4000,homogeneous_qualified,3,0.051465421962447744,21925499375123/426023892141041
0.903,903/1000,fixed_k1,1,0.005182854111662992,9409/1815409
0.903,903/1000,homogeneous_qualified,3,0.05119182876299675,85228857843/1664891837281
0.90325,3613/4000,fixed_k1,1,0.005154890575470604,149769/29053769
0.90325,3613/4000,homogeneous_qualified,3,0.05091900345075063,21711908140083/426400885105361
0.9035,1807/2000,fixed_k1,1,0.005127009411515008,37249/7265249
0.9035,1807/2000,homogeneous_qualified,3,0.050646945794657956,1350341324003/26661851032001
0.90375,723/800,fixed_k1,1,0.005099210564112532,5929/1162729
0.90375,723/800,homogeneous_qualified,3,0.05037565556277253,34398795123/682845607441
0.904,113/125,fixed_k1,1,0.005071493977600902,72/14197
0.904,113/125,homogeneous_qualified,3,0.05010513252225472,10201104/203593993
0.90425,3617/4000,fixed_k1,1,0.005043859596339252,146689/29082689
0.90425,3617/4000,homogeneous_qualified,3,0.04983537643937282,21287517508163/427156751470721
0.9045,1809/2000,fixed_k1,1,0.005016307364708137,36481/7272481
0.9045,1809/2000,homogeneous_qualified,3,0.049566387079504386,1323875170083/26709131895361
0.90475,3619/4000,fixed_k1,1,0.004988837227109545,145161/29097161
0.90475,3619/4000,homogeneous_qualified,3,0.04929816420713761,21076721507763/427535626259921
0.905,181/200,fixed_k1,1,0.004961449127966905,361/72761
0.905,181/200,homogeneous_qualified,3,0.04903070758587264,131072963/2673283121
0.90525,3621/4000,fixed_k1,1,0.004934143011725104,143641/29111641
0.90525,3621/4000,homogeneous_qualified,3,0.048764016978422975,20866860650643/427915129712881
0.9055,1811/2000,fixed_k1,1,0.0049069188228504914,35721/7279721
0.9055,1811/2000,homogeneous_qualified,3,0.04849809214661678,1297642589523/26756569837841
0.90575,3623/4000,fixed_k1,1,0.004879776505830899,142129/29126129
0.90575,3623/4000,homogeneous_qualified,3,0.048232932851398264,20657936637923/428295262524641
0.906,453/500,fixed_k1,1,0.004852716005175645,2209/455209
0.906,453/500,homogeneous_qualified,3,0.04796853885282904,5018024043/104610733681
0.90625,29/32,fixed_k1,1,0.00482573726541555,9/1865
0.90625,29/32,homogeneous_qualified,3,0.04770490991008949,83763/1755857
0.9065,1813/2000,fixed_k1,1,0.004798840231102945,34969/7286969
0.9065,1813/2000,homogeneous_qualified,3,0.047442045781480105,1271644432883/26804165206961
0.90675,3627/4000,fixed_k1,1,0.004772024846811688,139129/29155129
0.90675,3627/4000,homogeneous_qualified,3,0.04717994622442288,20242905955923/429057419006641
0.907,907/1000,fixed_k1,1,0.004745291057137167,8649/1822649
0.907,907/1000,homogeneous_qualified,3,0.04691861099546266,78670845603/1676751377201
0.90725,3629/4000,fixed_k1,1,0.004718638806696318,137641/29169641
0.90725,3629/4000,homogeneous_qualified,3,0.0466580398502685,20036802694643/429439444068881
0.9075,363/400,fixed_k1,1,0.004692068040127635,1369/291769
0.9075,363/400,homogeneous_qualified,3,0.046398232543635044,1993410483/42963069361
0.90775,3631/4000,fixed_k1,1,0.004665578702091179,136161/29184161
0.90775,3631/4000,homogeneous_qualified,3,0.04613918882948392,19831643093763/429822101273921
0.908,227/250,fixed_k1,1,0.00463917073726859,529/114029
0.908,227/250,homogeneous_qualified,3,0.045880908460865046,301047023/6561487841
0.90825,3633/4000,fixed_k1,1,0.004612844090363099,134689/29198689
0.90825,3633/4000,homogeneous_qualified,3,0.04562339118995807,19627428860163/430205391318721
0.9085,1817/2000,fixed_k1,1,0.004586598706099536,33489/7301489
0.9085,1817/2000,homogeneous_qualified,3,0.04536663676807372,1220354799363/26899829617121
0.90875,727/800,fixed_k1,1,0.00456043452922435,5329/1168529
0.90875,727/800,homogeneous_qualified,3,0.045110644945655164,31078658723/688942903841
0.909,909/1000,fixed_k1,1,0.004534351504505605,8281/1826281
0.909,909/1000,homogeneous_qualified,3,0.04485541547227941,75480014883/1682740290961
0.90925,3637/4000,fixed_k1,1,0.004508349576733003,131769/29227769
0.90925,3637/4000,homogeneous_qualified,3,0.044600948096658675,19221843328083/430973872717361
0.9095,1819/2000,fixed_k1,1,0.004482428690717894,32761/7308761
0.9095,1819/2000,homogeneous_qualified,3,0.044347242566641756,1195065029363/26947899355121
0.90975,3639/4000,fixed_k1,1,0.004456588791293277,130321/29242321
0.90975,3639/4000,homogeneous_qualified,3,0.04409429862921544,19020475449123/431359065467041
0.91,91/100,fixed_k1,1,0.004430829823313823,81/18281
0.91,91/100,homogeneous_qualified,3,0.04384211603050586,7390683/168574961
0.91025,3641/4000,fixed_k1,1,0.0044051517316558795,128881/29256881
0.91025,3641/4000,homogeneous_qualified,3,0.04359069451577988,18820059776483/431744893848161
0.9105,1821/2000,fixed_k1,1,0.004379554461217481,32041/7316041
0.9105,1821/2000,homogeneous_qualified,3,0.04334003382944652,1170013097043/26996127913681
0.91075,3643/4000,fixed_k1,1,0.004354037956918361,127449/29271449
0.91075,3643/4000,homogeneous_qualified,3,0.04309013371505828,18620598022803/432131358559601
0.911,911/1000,fixed_k1,1,0.004328602163699963,7921/1829921
0.911,911/1000,homogeneous_qualified,3,0.04284099391531258,72348536723/1688768866241
0.91125,729/800,fixed_k1,1,0.00430324702652545,5041/1171441
0.91125,729/800,homogeneous_qualified,3,0.04259261417205313,29475347043/692029536481
0.9115,1823/2000,fixed_k1,1,0.0042779724903797165,31329/7323329
0.9115,1823/2000,homogeneous_qualified,3,0.04234499422627134,1145199858723/27044515642241
0.91175,3647/4000,fixed_k1,1,0.0042527785002693975,124609/29300609
0.91175,3647/4000,homogeneous_qualified,3,0.04209813381810767,18224543128643/432906199770881
0.912,114/125,fixed_k1,1,0.004227665001222878,121/28621
0.912,114/125,homogeneous_qualified,3,0.04185203268685308,17286423/413036641
0.91225,3649/4000,fixed_k1,1,0.004202631938290309,123201/29315201
0.91225,3649/4000,homogeneous_qualified,3,0.04160669057095038,18027953419203/433294577670401
0.9125,73/80,fixed_k1,1,0.00417767925654361,49/11729
0.9125,73/80,homogeneous_qualified,3,0.04136210720799566,2868803/69358241
0.91275,3651/4000,fixed_k1,1,0.004152806901076485,121801/29329801
0.91275,3651/4000,homogeneous_qualified,3,0.041118282334739666,17832324490803/433683594699601
0.913,913/1000,fixed_k1,1,0.004128014817004432,7569/1833569
0.913,913/1000,homogeneous_qualified,3,0.04087521568708921,69276839283/1694837277761
0.91325,3653/4000,fixed_k1,1,0.004103302949464751,120409/29344409
0.91325,3653/4000,homogeneous_qualified,3,0.040632907000108576,17637658061843/434073251559281
0.9135,1827/2000,fixed_k1,1,0.004078671243616557,29929/7337929
0.9135,1827/2000,homogeneous_qualified,3,0.040391356008020914,1096292895123/27141770009041
0.91375,731/800,fixed_k1,1,0.004054119644640788,4761/1174361
0.91375,731/800,homogeneous_qualified,3,0.040150562444209635,27910329363/695141678321
0.914,457/500,fixed_k1,1,0.0040296480977402155,1849/458849
0.914,457/500,homogeneous_qualified,3,0.039910526041219856,4235221403/106117904801
0.91425,3657/4000,fixed_k1,1,0.004005256548139456,117649/29373649
0.91425,3657/4000,homogeneous_qualified,3,0.03967124653075975,17251219581603/434854487575201
0.9145,1829/2000,fixed_k1,1,0.003980944941084983,29241/7345241
0.9145,1829/2000,homogeneous_qualified,3,0.03943272364370199,1072200888243/27190637348081
0.91475,3659/4000,fixed_k1,1,0.00395671322184513,116281/29388281
0.91475,3659/4000,homogeneous_qualified,3,0.03919495711008516,17059450972883/435246068134961
0.915,183/200,fixed_k1,1,0.003932561335710107,289/73489
0.915,183/200,homogeneous_qualified,3,0.03895794665911515,106024563/2721513121
0.91525,3661/4000,fixed_k1,1,0.003908489227992008,114921/29402921
0.91525,3661/4000,homogeneous_qualified,3,0.03872169201916657,16868651748723/435638291332241
0.9155,1831/2000,fixed_k1,1,0.0038844968440248234,28561/7352561
0.9155,1831/2000,homogeneous_qualified,3,0.038486192917784184,1048351012163/27239665258721
0.91575,3663/4000,fixed_k1,1,0.003860584129164446,113569/29417569
0.91575,3663/4000,homogeneous_qualified,3,0.03825144908168427,16678823633283/436031157869761
0.916,229/250,fixed_k1,1,0.003836751028788683,441/114941
0.916,229/250,homogeneous_qualified,3,0.03801746023675612,253055943/6656308481
0.91625,733/800,fixed_k1,1,0.003812997488297266,4489/1177289
0.91625,733/800,homogeneous_qualified,3,0.03778422610806336,26383949363/698279469521
0.9165,1833/2000,fixed_k1,1,0.003789323453111861,27889/7359889
0.9165,1833/2000,homogeneous_qualified,3,0.037551746419845454,1024744128963/27288854092321
0.91675,3667/4000,fixed_k1,1,0.0037657288686760763,110889/29446889
0.91675,3667/4000,homogeneous_qualified,3,0.037320020895519064,16302087630963/436818823778321
0.917,917/1000,fixed_k1,1,0.0037422136804554757,6889/1840889
0.917,917/1000,homogeneous_qualified,3,0.03708904925767951,63314504963/1707094310321
0.91725,3669/4000,fixed_k1,1,0.003718777833937584,109561/29461561
0.91725,3669/4000,homogeneous_qualified,3,0.03685883122810216,16115183198163/437213624556721
0.9175,367/400,fixed_k1,1,0.0036954212746319,1089/294689
0.9175,367/400,homogeneous_qualified,3,0.03662936652774386,1602209763/43741126721
0.91775,3671/4000,fixed_k1,1,0.003672143948069905,108241/29476241
0.91775,3671/4000,homogeneous_qualified,3,0.03640065487674439,15929256782243/437609071490081
0.918,459/500,fixed_k1,1,0.0036489457998050714,1681/460681
0.918,459/500,homogeneous_qualified,3,0.03617269599442783,3866372283/106886483761
0.91825,3673/4000,fixed_k1,1,0.0036258267754128736,106929/29490929
0.91825,3673/4000,homogeneous_qualified,3,0.03594548959930405,15744310113123/438005165283041
0.9185,1837/2000,fixed_k1,1,0.0036027868204907974,26569/7374569
0.9185,1837/2000,homogeneous_qualified,3,0.03571903540907008,978262795283/27387715935761
0.91875,147/160,fixed_k1,1,0.0035798258806583492,169/47209
0.91875,147/160,homogeneous_qualified,3,0.03549333314061158,39834483/1122308881
0.919,919/1000,fixed_k1,1,0.003556943901557064,6561/1844561
0.919,919/1000,homogeneous_qualified,3,0.03526838251000426,60424730163/1713283282721
0.91925,3677/4000,fixed_k1,1,0.0035341408288505185,104329/29520329
0.91925,3677/4000,homogeneous_qualified,3,0.03504418323251529,15377362940723/438799296268241
0.9195,1839/2000,fixed_k1,1,0.003511416608224336,25921/7381921
0.9195,1839/2000,homogeneous_qualified,3,0.03482073502260476,955390074723/27437389650241
0.91975,3679/4000,fixed_k1,1,0.0034887711853861993,103041/29535041
0.91975,3679/4000,homogeneous_qualified,3,0.03459803759392708,15195365903043/439197334871681
0.92,23/25,fixed_k1,1,0.0034662045060658577,2/577
0.92,23/25,homogeneous_qualified,3,0.03437609065933246,11524/335233
0.92025,3681/4000,fixed_k1,1,0.003443716516015138,101761/29549761
0.92025,3681/4000,homogeneous_qualified,3,0.03415489393086832,15014355543363/439596023157121
0.9205,1841/2000,fixed_k1,1,0.003421307161007952,25281/7389281
0.9205,1841/2000,homogeneous_qualified,3,0.03393444711978069,932763806883/27487225696961
0.92075,3683/4000,fixed_k1,1,0.003398976386840307,100489/29564489
0.92075,3683/4000,homogeneous_qualified,3,0.03371474993651572,14834333597363/439995361831121
0.921,921/1000,fixed_k1,1,0.0033767241393303144,6241/1848241
0.921,921/1000,homogeneous_qualified,3,0.033495802090721075,57596460243/1719512794081
0.92125,737/800,fixed_k1,1,0.0033545503643181997,3969/1183169
0.92125,737/800,homogeneous_qualified,3,0.03327760329124737,23448482883/704632562561
0.9215,1843/2000,fixed_k1,1,0.0033324550076663092,24649/7396649
0.9215,1843/2000,homogeneous_qualified,3,0.033060153246149616,910384859603/27537224429201
0.92175,3687/4000,fixed_k1,1,0.0033104380152591227,97969/29593969
0.92175,3687/4000,homogeneous_qualified,3,0.03284345166268869,14477261894883/440795993172961
0.922,461/500,fixed_k1,1,0.003288499333003258,1521/462521
0.922,461/500,homogeneous_qualified,3,0.03262749824733274,3512845323/107665175441
0.92225,3689/4000,fixed_k1,1,0.003266638906827485,96721/29608721
0.92225,3689/4000,homogeneous_qualified,3,0.032412292705758655,14300215615523/441197287255841
0.9225,369/400,fixed_k1,1,0.00324485668268273,961/296161
0.9225,369/400,homogeneous_qualified,3,0.03219783474285347,1421206563/44139817921
0.92275,3691/4000,fixed_k1,1,0.0032231526065420874,95481/29623481
0.92275,3691/4000,homogeneous_qualified,3,0.03198412406271587,14124164704083/441599234557361
0.923,923/1000,fixed_k1,1,0.0032015266244008276,5929/1851929
0.923,923/1000,homogeneous_qualified,3,0.0317711603686576,54830129123/1725783021041
0.92325,3693/4000,fixed_k1,1,0.003179978682276406,94249/29638249
0.92325,3693/4000,homogeneous_qualified,3,0.0315589433632049,13949110902003/442001835786001
0.9235,1847/2000,fixed_k1,1,0.0031585087262084714,23409/7411409
0.9235,1847/2000,homogeneous_qualified,3,0.03134747274810001,866372403843/27637711365281
0.92375,739/800,fixed_k1,1,0.0031371167022588757,3721/1186121
0.92375,739/800,homogeneous_qualified,3,0.03113674822430254,22040089523/707848146641
0.924,231/250,fixed_k1,1,0.003115802556511682,361/115861
0.924,231/250,homogeneous_qualified,3,0.030926769491990993,208868463/6753646321
0.92425,3697/4000,fixed_k1,1,0.003094566235073173,91809/29667809
0.92425,3697/4000,homogeneous_qualified,3,0.030717536250564174,13602001597443/442809002860481
0.9245,1849/2000,fixed_k1,1,0.00307340768407186,22801/7418801
0.9245,1849/2000,homogeneous_qualified,3,0.030509048198642662,844740636803/27688200277601
0.92475,3699/4000,fixed_k1,1,0.0030523268496584917,90601/29682601
0.92475,3699/4000,homogeneous_qualified,3,0.030301305034070247,13429949583603/443213570125201
0.925,37/40,fixed_k1,1,0.0030313236780060626,9/2969
0.925,37/40,homogeneous_qualified,3,0.030094306453915406,133443/4434161
0.92525,3701/4000,fixed_k1,1,0.0030103981153098212,89401/29697401
0.92525,3701/4000,homogeneous_qualified,3,0.029888052154472742,13258901656403/443618794154801
0.9255,1851/2000,fixed_k1,1,0.002989550107787279,22201/7426201
0.9255,1851/2000,homogeneous_qualified,3,0.02968254183126444,823359673203/27738853292401
0.92575,3703/4000,fixed_k1,1,0.0029687796016782193,88209/29712209
0.92575,3703/4000,homogeneous_qualified,3,0.02947777517904173,13088859563043/444024675659681
0.926,463/500,fixed_k1,1,0.002948086543244704,1369/464369
0.926,463/500,homogeneous_qualified,3,0.029273751891786354,3174857483/108454068161
0.92625,741/800,fixed_k1,1,0.0029274708787710847,3481/1189081
0.92625,741/800,homogeneous_qualified,3,0.029070471662712004,20671720083/711089944561
0.9265,1853/2000,fixed_k1,1,0.002906932554564008,21609/7433609
0.9265,1853/2000,homogeneous_qualified,3,0.028867934184265795,802230386643/27789670764881
0.92675,3707/4000,fixed_k1,1,0.002886471516952426,85849/29741849
0.92675,3707/4000,homogeneous_qualified,3,0.028666139148129727,12751799872403/444838413938801
0.927,927/1000,fixed_k1,1,0.002866087712287605,5329/1859329
0.927,927/1000,homogeneous_qualified,3,0.028465086245222142,49485024723/1738446330241
0.92725,3709/4000,fixed_k1,1,0.0028457810869431306,84681/29756681
0.92725,3709/4000,homogeneous_qualified,3,0.02826477516569919,12584785775283/445246272135761
0.9275,371/400,fixed_k1,1,0.0028255515873149197,841/297641
0.9275,371/400,homogeneous_qualified,3,0.02806520559895628,1250165843/44545044881
0.92775,3711/4000,fixed_k1,1,0.0028053991598212267,83521/29771521
0.92775,3711/4000,homogeneous_qualified,3,0.02786637723362957,12418784512323/445654790653441
0.928,116/125,fixed_k1,1,0.0027853237509026514,81/29081
0.928,116/125,homogeneous_qualified,3,0.027668289757597404,11764683/425204561
0.92825,3713/4000,fixed_k1,1,0.0027653253070221485,82369/29786369
0.92825,3713/4000,homogeneous_qualified,3,0.02747094285798179,12253797836483/446063970204161
0.9285,1857/2000,fixed_k1,1,0.0027454037746650344,20449/7448449
0.9285,1857/2000,homogeneous_qualified,3,0.027274336221149883,760730344803/27891800505601
0.92875,743/800,fixed_k1,1,0.002725559100338996,3249/1192049
0.92875,743/800,homogeneous_qualified,3,0.027078469532715418,19343724003/714358098401
0.929,929/1000,fixed_k1,1,0.002705791230574099,5041/1863041
0.929,929/1000,homogeneous_qualified,3,0.0268833424775402,46907125043/1744839767681
0.92925,3717/4000,fixed_k1,1,0.0026861001119227942,80089/29816089
0.92925,3717/4000,homogeneous_qualified,3,0.026688954739735576,11926875263763/446884315255921
0.9295,1859/2000,fixed_k1,1,0.0026664856909599283,19881/7455881
0.9295,1859/2000,homogeneous_qualified,3,0.026495306002663897,740361342483/27943113486161
0.92975,3719/4000,fixed_k1,1,0.0026469479142827482,78961/29830961
0.92975,3719/4000,homogeneous_qualified,3,0.026302395948939985,11764942878563/447295482183521
0.93,93/100,fixed_k1,1,0.0026274867285109122,49/18649
0.93,93/100,homogeneous_qualified,3,0.026110224260432618,4564203/174805201
0.93025,3721/4000,fixed_k1,1,0.0026081020802864964,77841/29845841
0.93025,3721/4000,homogeneous_qualified,3,0.025918790618265984,11604032103843/447707312997281
0.9305,1861/2000,fixed_k1,1,0.002588793916274002,19321/7463321
0.9305,1861/2000,homogeneous_qualified,3,0.025728094702821176,720247523123/27994592349041
0.93075,3723/4000,fixed_k1,1,0.002569562183160364,76729/29860729
0.93075,3723/4000,homogeneous_qualified,3,0.025538136193737643,11444144698323/448119808411441
0.931,931/1000,fixed_k1,1,0.0025504068276549596,4761/1866761
0.931,931/1000,homogeneous_qualified,3,0.02534891476991468,44392911363/1751274631121
0.93125,149/160,fixed_k1,1,0.0025313277964896133,121/47801
0.93125,149/160,homogeneous_qualified,3,0.025160430109512896,28890323/1148244401
0.9315,1863/2000,fixed_k1,1,0.002512325036418607,18769/7470769
0.9315,1863/2000,homogeneous_qualified,3,0.024972681889955696,700389766083/28046237451361
0.93175,3727/4000,fixed_k1,1,0.002493398494218687,74529/29890529
0.93175,3727/4000,homogeneous_qualified,3,0.024785669787930745,11127447035523/448946795899841
0.932,233/250,fixed_k1,1,0.0024745481166890716,289/116789
0.932,233/250,homogeneous_qualified,3,0.024599393479391468,168593063/6853545521
0.93225,3729/4000,fixed_k1,1,0.002455773850651458,73441/29905441
0.93225,3729/4000,homogeneous_qualified,4,0.04861410589526064,10976033881924/225778787448481
0.9325,373/400,fixed_k1,1,0.0024370756429500317,729/299129
0.9325,373/400,homogeneous_qualified,4,0.04824770880386197,1089793764/22587471841
0.93275,3731/4000,fixed_k1,1,0.0024184534404514705,72361/29920361
0.93275,3731/4000,homogeneous_qualified,4,0.04788274445083349,10820100097284/225970758806321
0.933,933/1000,fixed_k1,1,0.002399907190044956,4489/1870489
0.933,933/1000,homogeneous_qualified,4,0.04751921247358828,41962974484/883073862121
0.93325,3733/4000,fixed_k1,1,0.002381436838642179,71289/29935289
0.93325,3733/4000,homogeneous_qualified,4,0.04715711250683625,10665201966084/226163168165521
0.9335,1867/2000,fixed_k1,1,0.002363042333177347,17689/7485689
0.9335,1867/2000,homogeneous_qualified,4,0.04679644418258771,661758862884/14141221078721
0.93375,747/800,fixed_k1,1,0.0023447236206071906,2809/1198009
0.93375,747/800,homogeneous_qualified,4,0.04643720713015693,16818145924/362169625681
0.934,467/500,fixed_k1,1,0.002326480647910974,1089/468089
0.934,467/500,homogeneous_qualified,4,0.04607940097616574,2547558684/55286280421
0.93425,3737/4000,fixed_k1,1,0.0023083133620904993,69169/29965169
0.93425,3737/4000,homogeneous_qualified,4,0.045723025344547065,10358519522244/226549302986561
0.9345,1869/2000,fixed_k1,1,0.002290221710170114,17161/7493161
0.9345,1869/2000,homogeneous_qualified,4,0.045368079856548574,642656179684/14165381953921
0.93475,3739/4000,fixed_k1,1,0.0022722056391967197,68121/29980121
0.93475,3739/4000,homogeneous_qualified,4,0.04501456413073626,10206738642564/226743029498641
0.935,187/200,fixed_k1,1,0.0022542650962397793,169/74969
0.935,187/200,homogeneous_qualified,4,0.044662477782998075,63320244/1417750361
0.93525,3741/4000,fixed_k1,1,0.0022364000283913218,67081/29995081
0.93525,3741/4000,homogeneous_qualified,4,0.044311820426547514,10056000282244/226937196112561
0.9355,1871/2000,fixed_k1,1,0.002218610382765953,16641/7500641
0.9355,1871/2000,homogeneous_qualified,4,0.043962591671927315,623813911524/14189652788881
0.93575,3743/4000,fixed_k1,1,0.0022008961065008593,66049/30010049
0.93575,3743/4000,homogeneous_qualified,4,0.043614791127013046,9906306161604/227131803354401
0.936,117/125,fixed_k1,1,0.0021832571467558163,32/14657
0.936,117/125,homogeneous_qualified,4,0.043268418397016804,9376384/216702721
0.93625,749/800,fixed_k1,1,0.0021656934507131966,2601/1201001
0.93625,749/800,homogeneous_qualified,4,0.042923473084490876,15612252804/363722962801
0.9365,1873/2000,fixed_k1,1,0.0021482049655779756,16129/7508129
0.9365,1873/2000,homogeneous_qualified,4,0.042579954789331395,605232918564/14214033846641
0.93675,3747/4000,fixed_k1,1,0.002130791638577738,64009/30040009
0.93675,3747/4000,homogeneous_qualified,4,0.042237863108782046,9610057528324/227522341828081
0.937,937/1000,fixed_k1,1,0.002113453416962687,3969/1877969
0.937,937/1000,homogeneous_qualified,4,0.041897197637437746,37252541844/889141611961
0.93725,3749/4000,fixed_k1,1,0.002096190248005648,63001/30055001
0.93725,3749/4000,homogeneous_qualified,4,0.041557957967248385,9463506464004/227718274114001
0.9375,15/16,fixed_k1,1,0.002079002079002079,1/481
0.9375,15/16,homogeneous_qualified,4,0.041220143687522505,2404/58321
0.93775,3751/4000,fixed_k1,1,0.0020618888572700744,62001/30070001
0.93775,3751/4000,homogeneous_qualified,4,0.04088375438493104,9318006536004/227914649136001
0.938,469/500,fixed_k1,1,0.002044850530150374,961/469961
0.938,469/500,homogeneous_qualified,4,0.04054878964351105,2257239084/55667237021
0.93825,3753/4000,fixed_k1,1,0.0020278870450063683,61009/30085009
0.93825,3753/4000,homogeneous_qualified,4,0.0402152490446695,9173559472324/228111467422081
0.9385,1877/2000,fixed_k1,1,0.002010998349224106,15129/7523129
0.9385,1877/2000,homogeneous_qualified,4,0.03988313216718694,568858206564/14263127684641
0.93875,751/800,fixed_k1,1,0.0019941843902123004,2401/1204001
0.93875,751/800,homogeneous_qualified,4,0.03955243858722134,14448267204/365293967201
0.939,939/1000,fixed_k1,1,0.0019774451154023365,3721/1881721
0.939,939/1000,homogeneous_qualified,4,0.03922316787831186,34995573364/892216902841
0.93925,3757/4000,fixed_k1,1,0.001960780472248277,59049/30115049
0.93925,3757/4000,homogeneous_qualified,4,0.03889531961138257,8887830857604/228506435900401
0.9395,1879/2000,fixed_k1,1,0.0019441904082268693,14641/7530641
0.9395,1879/2000,homogeneous_qualified,4,0.038568893354746316,551066215524/14287840992881
0.93975,3759/4000,fixed_k1,1,0.0019276748708375528,58081/30130081
0.93975,3759/4000,homogeneous_qualified,4,0.0382438886741085,8746552770244/228704587150561
0.94,47/50,fixed_k1,1,0.0019112338076024634,9/4709
0.94,47/50,homogeneous_qualified,4,0.03792030513257087,211824/5586031
0.94025,3761/4000,fixed_k1,1,0.0018948671660664424,57121/30145121
0.94025,3761/4000,homogeneous_qualified,4,0.03759814229063538,8606334474564/228903183780641
0.9405,1881/2000,fixed_k1,1,0.0018785748937970414,14161/7538161
0.9405,1881/2000,homogeneous_qualified,4,0.03727739970620797,533538955684/14312665579921
0.94075,3763/4000,fixed_k1,1,0.0018623569383845297,56169/30160169
0.94075,3763/4000,homogeneous_qualified,4,0.03695807693460247,8467177706244/229102226320561
0.941,941/1000,fixed_k1,1,0.0018462132474418994,3481/1885481
0.941,941/1000,homogeneous_qualified,4,0.036640173528544394,32804679444/895319980361
0.94125,753/800,fixed_k1,1,0.0018301437686048738,2209/1207009
0.94125,753/800,homogeneous_qualified,4,0.03632368903817484,13326534724/366882744481
0.9415,1883/2000,fixed_k1,1,0.0018141484495319115,13689/7545689
0.9415,1883/2000,homogeneous_qualified,4,0.03600862301105432,516277294884/14337601710721
0.94175,3767/4000,fixed_k1,1,0.0017982272379042149,54289/30190289
0.94175,3767/4000,homogeneous_qualified,4,0.03569497499216667,8192055702084/229501651251521
0.942,471/500,fixed_k1,1,0.0017823800814257345,841/471841
0.942,471/500,homogeneous_qualified,4,0.035382744523922934,1983384124/56055123781
0.94225,3769/4000,fixed_k1,1,0.0017666069278231768,53361/30205361
0.94225,3769/4000,homogeneous_qualified,4,0.03507193114616522,8056093945284/229702034704321
0.9425,377/400,fixed_k1,1,0.0017509077248460095,529/302129
0.9425,377/400,homogeneous_qualified,4,0.034762534396170656,798851364/22980239441
0.94275,3771/4000,fixed_k1,1,0.001735282420266468,52441/30220441
0.94275,3771/4000,homogeneous_qualified,4,0.03445455380865527,7921200673924/229902866190481
0.943,943/1000,fixed_k1,1,0.0017197309618795617,3249/1889249
0.943,943/1000,homogeneous_qualified,4,0.03414798891577793,30680294004/898450977001
0.94325,3773/4000,fixed_k1,1,0.0017042532975030799,51529/30235529
0.94325,3773/4000,homogeneous_qualified,4,0.03384283924714426,7787377631364/230104146241841
0.9435,1887/2000,fixed_k1,1,0.001688849374977598,12769/7560769
0.9435,1887/2000,homogeneous_qualified,4,0.0335391043298106,482554249444/14387809665361
0.94375,151/160,fixed_k1,1,0.0016735191421664841,81/48401
0.94375,151/160,homogeneous_qualified,4,0.03323678368828794,19595844/589583041
0.944,118/125,fixed_k1,1,0.0016582625469559037,49/29549
0.944,118/125,homogeneous_qualified,4,0.03293587684454587,7237104/219733151
0.94425,3777/4000,fixed_k1,1,0.001643079537254827,49729/30265729
0.94425,3777/4000,homogeneous_qualified,4,0.032636383318016556,7522949213764/230508054169441
0.9445,1889/2000,fixed_k1,1,0.0016279700609950344,12321/7568321
0.9445,1889/2000,homogeneous_qualified,4,0.03233830262559873,466094608164/14413082021041
0.94475,3779/4000,fixed_k1,1,0.0016129340661311224,48841/30280841
0.94475,3779/4000,homogeneous_qualified,4,0.03204163428166166,7392347333124/230710683111281
0.945,189/200,fixed_k1,1,0.0015979715006405092,121/75721
0.945,189/200,homogeneous_qualified,4,0.03174637779804912,45796564/1442576041
0.94525,3781/4000,fixed_k1,1,0.0015830823125234416,47961/30295961
0.94525,3781/4000,homogeneous_qualified,4,0.03145253268408345,7262822670084/230913762749521
0.9455,1891/2000,fixed_k1,1,0.0015682664498029998,11881/7575881
0.9455,1891/2000,homogeneous_qualified,4,0.031160098446569487,449904052644/14438466984161
0.94575,3783/4000,fixed_k1,1,0.0015535238605251034,47089/30311089
0.94575,3783/4000,homogeneous_qualified,4,0.030869074589798654,7134376975684/231117293617921
0.946,473/500,fixed_k1,1,0.001538854492758518,729/473729
0.946,473/500,homogeneous_qualified,4,0.030579460615552948,1726210764/56450006941
0.94625,757/800,fixed_k1,1,0.0015242582945948597,1849/1213049
0.94625,757/800,homogeneous_qualified,4,0.030291256023108976,11211219204/370114042001
0.9465,1893/2000,fixed_k1,1,0.0015097352141486017,11449/7583449
0.9465,1893/2000,homogeneous_qualified,4,0.030004460309242018,433983458404/14463964821601
0.94675,3787/4000,fixed_k1,1,0.00149528519955708,45369/30341369
0.94675,3787/4000,homogeneous_qualified,4,0.029719072968230054,6880729504644/231525711182161
0.947,947/1000,fixed_k1,1,0.0014809081989804983,2809/1896809
0.947,947/1000,homogeneous_qualified,4,0.02943509349185785,26632791924/904797259481
0.94725,3789/4000,fixed_k1,1,0.0014666041606019346,44521/30356521
0.94725,3789/4000,homogeneous_qualified,4,0.029152521369420994,6755531237764/231730598947441
0.9475,379/400,fixed_k1,1,0.0014523730326273462,441/303641
0.9475,379/400,homogeneous_qualified,4,0.028871356087730008,669333924/23183321281
0.94775,3791/4000,fixed_k1,1,0.001438214763285575,43681/30371681
0.94775,3791/4000,homogeneous_qualified,4,0.028591597131114404,6631418959044/231935940081761
0.948,237/250,fixed_k1,1,0.0014241293008283545,169/118669
0.948,237/250,homogeneous_qualified,4,0.02831324398142679,100246744/3540630811
0.94825,3793/4000,fixed_k1,1,0.0014101165935303131,42849/30386849
0.94825,3793/4000,homogeneous_qualified,4,0.028036296118046967,6508394427204/232141735120801
0.9485,1897/2000,fixed_k1,1,0.0013961765896889813,10609/7598609
0.9485,1897/2000,homogeneous_qualified,4,0.02776075301788604,402955663524/14515300188881
0.94875,759/800,fixed_k1,1,0.0013823092376247963,1681/1216081
0.94875,759/800,homogeneous_qualified,5,0.047956599571789216,21740050615138805/453327608905939441
0.949,949/1000,fixed_k1,1,0.0013685144856811083,2601/1900601
0.949,949/1000,homogeneous_qualified,5,0.047482171331974646,82166064937411005/1730461405459781801
0.94925,3797/4000,fixed_k1,1,0.0013547922822241844,41209/30417209
0.94925,3797/4000,homogeneous_qualified,5,0.04701015579988366,333429034217593245645/7092702173482659060329
0.9495,1899/2000,fixed_k1,1,0.0013411425756432154,10201/7606201
0.9495,1899/2000,homogeneous_qualified,5,0.046540552481339766,5161231403024697005/110897510404374138601
0.94975,3799/4000,fixed_k1,1,0.0013275653143503202,40401/30432401
0.94975,3799/4000,homogeneous_qualified,5,0.04607336087551707,327221550963298894005/7102185400526776577201
0.95,19/20,fixed_k1,1,0.001314060446780552,1/761
0.95,19/20,homogeneous_qualified,5,0.04560858047494801,5064645/111045881
