paper_id,title,authors,version_year_venue,source_url,full_text_status,review_scope,precise_locator,assumptions,information_structure,nuisance,policy_class,risk_horizon,main_result,difference_from_current_contract,direct_coverage_judgment,information_bypass_or_transfer_risk,remaining_review_limit,cached_pdf,pdf_sha256,comparison_contract,comparison_contract_version,comparison_contract_sha256
L01,Controlled Sensing for Multihypothesis Testing,Sirin Nitinawarat; George K. Atia; Venugopal V. Veeravalli,2013; IEEE TAC 58(10):2451-2464; DOI 10.1109/TAC.2013.2261188,https://vvv.ece.illinois.edu/papers/journal/niti-atia-veer-tac-2013.pdf,FULL_TEXT_OBTAINED_TARGETED_THEOREM_REVIEW,问题与结果定向核查；第3/4/6页公式图像复核；Appendix定位；非全篇逐行重证,§II PDF pp2-3; §III-A Proposition1 PDF p4/print2454 eq(6)-(8); Theorems1-2 PDF pp4-5; §IV Theorems3-4 PDF pp5-6; AppendixA/B pp8-13,有限control alphabet；有限已知simple hypotheses；给定hypothesis和当前control后memoryless stationary observations；每个control下各对LLR 二阶矩有限,开环control独立于数据；因果control可随机依赖完整过去observations/controls；controller不知道真实hypothesis,未引入全史限速漂移nuisance；只有已知固定simple observation laws,fixed-N open-loop与causal策略；sequential Chernoff及modified exploration策略；不收切换费用,fixed N→∞最大错误指数；sequential vanishing risks R_i=sum_{j≠i}prior_j P_j(decide i)，full-support prior,binary Proposition1最佳Chernoff指数由pure stationary open-loop达到；多元Theorem1开环指数、Theorem2因果界；Theorems3-4序贯首阶及hard-risk,当前确定性已知H+两侧全史漂移+增长故障+真实deadslots+可能有色记忆，不满足其stationary simple memoryless合同,GENERAL_OBSERVATION_CONTROL_PRIOR_ART; NO_DIRECT_COVERAGE_OF_DRIFT_DEADSLOT_SHARP_LOSS,不可将binary open-loop指数最优直接声称为composite drift有限H最优；fixed sample=N不等于physical H,未逐行重证多元指数界或全部序贯证明；不可泛称全文独立审查完成,work/literature_20261007/nitinawarat_tac2013.pdf,45b0fc075e760db157945292f34f911c5fefbf1d2486986a0c8fe6de698551a6,outputs/problem_contract_v1.md,2026-10-07 v1 raw M0,99519b20be43dd2cd6a3690c86217bf574b5ef72c46e189f7622c108c2b0b7ef
L02,Controlled Sensing for Sequential Multihypothesis Testing with Controlled Markovian Observations and Non-Uniform Control Cost,Sirin Nitinawarat; Venugopal V. Veeravalli,arXiv:1310.1844v2; 28 June 2014; original 2013,https://arxiv.org/pdf/1310.1844v2,FULL_TEXT_OBTAINED_TARGETED_THEOREM_REVIEW,§3-5结果与假设；Appendix converse Lemmas6.1-6.2与forward occupation-measure关键段,"§3 pp6-7 eq(3.1)-(3.2); Theorem4.1 pp8-9; Theorem4.2 p10; Theorem5.1 p11 eq(5.2)-(5.6); Appendix pp14-22 eq(6.1),Lemma6.2",有限Y/U；p_i^u(y|previous y)>0；fixed已知transitions；固定y0；c(u)>0且proof用min c>0；非退化应用需d_i*>0,观测Y自身是完全观测受控Markov状态；controller只读完整Y/U记录，不知道hypothesis；非隐藏状态模型,已知simple hypothesis转移族，无随时间变化path-wise健康解释,任意causal策略；ML self-tuning stationary kernel加稀疏uniform exploration；非日历限制,sequential random N；Pmax→0；R_i=max_{j≠i}P_j(decide i)；最小预期累计c(U),Theorem5.1最小cost首项−log(R_i)/d_i*；d_i*为stationary occupancy的min-pair KL/cost最优率；hard risk variant亦首阶达到,当前oracle知道健康解释并保持同一physical H；此文oracle知道hypothesis；finite-positive stationary fully observed Markov不是hidden Gaussian全史漂移+缺测,MEMORY_AND_ACTION_COST_PRIOR_ART; NO_DIRECT_COVERAGE_OF_CURRENT_SECOND_ORDER_LOSS,把时间/previous action/hidden state增广后不能自动保留有限正转移、ergodicity或完整可观察性；c(u)非真实deadslot模型,未独立重证全部tail/occupation lemmas；识别率零时定理除法不可用；未将非均匀cost泛称switching pair-cost,work/literature_20261007/markov_1310.1844.pdf,ba0dfdaf42a5bfd8c1cb7979018d6a864f331d6f2b1a3454ad85576744288beb,outputs/problem_contract_v1.md,2026-10-07 v1 raw M0,99519b20be43dd2cd6a3690c86217bf574b5ef72c46e189f7622c108c2b0b7ef
L03,Active Search with a Cost for Switching Actions,Nidhin Koshy Vaidhiyan; Rajesh Sundaresan,arXiv:1505.02358v1; 2015 ITA,https://arxiv.org/pdf/1505.02358v1,FULL_TEXT_OBTAINED_TARGETED_THEOREM_REVIEW,§II-A/B合同、Assumptions、Theorem6及完整短proof；Appendix定向定位,"§II-A pp2-3 Assumptions(I),(IIa),(IIb); §II-B p4 Theorem4,Proposition5,Theorem6 eq(8)-(12); Appendixpp5-8","有限simple hypotheses/actions；conditional memoryless fixed q_i^a；LLR 二阶矩有限；IIb每个最佳mixed action对每一hypothesis pair均分配正可区分概率；g非负有界g(a,a)=0",从完整过去LLR记录和外部Bernoulli种子选action；切换后仍取得ordinary observation,无漂移path、模型内未知continuous nuisance或增长信号,"Sluggish Procedure A；causal随机switching；sequence-level cost τ+sum g(previous,current)",sequential τ；error tolerances各项同阶→0；先risk limit再sluggish η↓0,Theorem6两重极限E_i C/logL→1/D_i；固定η Proposition5仅给≤(1+gmaxη)/D_i；切换收费不影响可达到首阶率,固定H确定性策略+全史健康漂移+true-time missing samples与stationary收费实验不同；未给H^(5/2)oracle-loss,SWITCHING_COST_ASYMPTOTIC_PRIOR_ART; NO_DIRECT_COVERAGE_OF_CURRENT_DRIFT_CALENDAR_LIMIT,不能交换两重极限或从固定η近优推严格最优；相同g不自动等价于elapsed-time drift/deletion,只取主定理IIb版本；IIa改造部分proof原文省略，不能称本轮已补齐,work/literature_20261007/switch_1505.02358.pdf,b3a1a27c46b4f8b6ddcd759a3fa53119bce708744d4c781df0e8c6b07f8bc899,outputs/problem_contract_v1.md,2026-10-07 v1 raw M0,99519b20be43dd2cd6a3690c86217bf574b5ef72c46e189f7622c108c2b0b7ef
L04,Anomaly Search with Multiple Plays under Delay and Switching Costs,Tidhar Lambez; Kobi Cohen,arXiv:2108.03082v1; 2021; related DOI 10.1109/TSP.2021.3136810,https://arxiv.org/pdf/2108.03082v1,FULL_TEXT_OBTAINED_TARGETED_THEOREM_REVIEW,§II/III policy与Theorem1；Appendix Lemma1-2/7关键边界定位；非publisher修订版全文比较,"§II pp4-5 eq(1)-(3); §III eq(7) p6; §III-C Theorem1 p12 eq(20); Appendix Lemma1 p17,Lemma2 pp18-20,Lemma7 pp25-27",M过程、已知L异常、K simultaneous plays；iid known f/g；known prior；nondegenerate finite KL rates；s=O(c)；多异常设计K≥L见§III-B pp10-11,在线LLR决定被采过程；closed-loop sensing是数据自适应selection，不是反馈动力学,无漂移健康path；状态normal/abnormal及数目L固定已知，分布known,Consecutive Controlled Sensing；deterministic function of data但calendar随机；exploration/exploitation scheduling,Bayes risk Pe+cEτ+sEτswitch；c→0；finite error O(c)；expected switchings O(1),"Theorem1 CCS有O(c)error、O(1)expected switches，R*~−c logc/I*~infΓR；I*由f/g KL与M,K,L决定",当前全称path-wise复合对手、fixed known H、有色记忆与growing fault不在simple iid sequential Bayes模型内,CONSECUTIVE_SENSING_SWITCH_COUNT_PRIOR_ART; NO_DIRECT_COVERAGE_OF_CURRENT_SHARP_LOSS,原文idle times防止同一cell被两machine同时观测，不等于切换占固定k个physical slots；s=O(c)不得删除,未逐行重证所有Appendix machine-delay lemmas；不可把Bayes optimal变成uniformPFA/power optimal,work/literature_20261007/switch_2108.03082.pdf,c6564863d056acfce172b2b9c0ad144ee986351b678dd6c766c07cf2a1ad45ba,outputs/problem_contract_v1.md,2026-10-07 v1 raw M0,99519b20be43dd2cd6a3690c86217bf574b5ef72c46e189f7622c108c2b0b7ef
L05,Optimal Fault Detection for Closed-Loop Linear Uncertain Systems,Koen Classens; Tjeerd Ickenroth; Jeroen van de Wijdeven; W.P.M.H. Heemels; Tom Oomen,CDC2024 pp1326-1331; DOI 10.1109/CDC56724.2024.10886525; PDF有1页机构封面,https://pure.tue.nl/ws/files/361857968/Optimal_Fault_Detection_for_Closed-Loop_Linear_Uncertain_Systems.pdf,FULL_TEXT_OBTAINED_TARGETED_THEOREM_REVIEW,§III model与Problem1；§IV Theorem1及完整proof；Definition5→eq(17)单独反例核查,"§III PDFpp3-4/print1327-1328 eq(1)-(10); §IV Definition5,Theorem1 PDFp5/print1329; proofeq(16)-(19); Remarks8-9 PDFp6",continuous-time uncertain LTI；given robustly stabilizingK；envelope stable/detectable；full-row-rank Dd；无imaginary-axis transmission zeros；tight envelopeA4,FD系统读control input u和output y；nominal coprime pre-residual加stable post-filterR,L2e exogenous reference/disturbance与parametric/dynamicΔ；非健康限速path stochastic hypothesis,设计stableR；K给定；不做active task/input calendar optimization,frequency-domainHi/H∞ gain ratio；不设fixed-H统计PFA/power,Theorem1声称tight envelope下Ropt=γGdo^(-1)同时优化frequency/singular-value sensitivities；一Riccati实现,统计复合风险、Gaussian边缘似然、增长故障和deadslots均缺失；仅可支持闭环uncertainty进入残差的机制,ROBUST_CLOSED_LOOP_RESIDUAL_PRIOR_ART; NO_DIRECT_STATISTICAL_LIMIT_COVERAGE; POINTWISE_TIGHTNESS_STEP_PENDING,"u/y双通道可能超出单关节残差信息合同；Definition5 maxΔ-tight不能推出每Δ eq(17)；scalarΔ∈[1,2],barG=2为见证",不进口逐Δ最优结论；需更强tightness或robust-supremum分母解释；并未宣称paper整体错误,work/literature_20261007/classens_cdc2024.pdf,a9b1bfeed21a77abecc560c9ea560f8f76021bb8fd702b2eb56bff661d04f88c,outputs/problem_contract_v1.md,2026-10-07 v1 raw M0,99519b20be43dd2cd6a3690c86217bf574b5ef72c46e189f7622c108c2b0b7ef
L06,Input design for guaranteed fault diagnosis using zonotopes,Joseph K. Scott; Rolf Findeisen; Richard D. Braatz; Davide M. Raimondo,Automatica50(2014):1580-1589,https://web.mit.edu/braatzgroup/input_design_for_guaranteed_fault_diagnosis_using_zonotopes.pdf,FULL_TEXT_OBTAINED_TARGETED_THEOREM_REVIEW,§2合同；§3.2全史coupling；§4 Theorem3及完整proof；§5输入优化与§7近似范围,"§2 PDFp2/print1581; §3.2 and§4 Theorem3 PDFp3/print1582 eq(14),(16)-(17); §5 pp4-5 eq(18)-(29); §7 p6","finite known linear model/scenario collection；fixedN；compactzonotopeX0,W,V；pointwiseboundedprocess/measurementuncertainty；输入/状态约束",open-loop 输入 u；完整outputhistory；保留initial/pastdisturbance对history coupling；诊断scenario consistency,初态、逐点bounded disturbance与error；两个scenarios各自全史reachable sets；非Gaussian unbounded noise,givenN constrained separatinginput；MIQP quadraticobjective；可递增N寻找feasibility,fixedN guaranteed zeroerror for all boundeduncertainties；无PFA/power或risk asymptotics,Theorem3完整输出集不相交等价为每scenariopair Ntilde*u不在Ztilde；§5 MIQP表示，约束输入与state,finitebox drift可增广state/input constraint；无界初值不满足compactX0；Gaussian noise不能zeroerror；全日历H^(5/2)信息最优未给,FULL_HISTORY_SET_SEPARATION_AND_CONSTRAINED_DESIGN_PRIOR_ART; NO_CURRENT_PROBABILISTIC_SHARP_ASYMPTOTIC_COVERAGE,full-history coupling已知，不能据此独占创新；用marginalproductreachable sets会放大nuisance而毁下界；允许更广输入可能绕过两task限制,未独立重建全部MIQP计算复杂度与examples；bounded noise保证不迁移到Gaussianrisk,work/literature_20261007/scott_zonotope2014.pdf,3aa9ddb81150d4e043d9a56a147ac00bcd2ed80a5972bd91d546af37e80c0637,outputs/problem_contract_v1.md,2026-10-07 v1 raw M0,99519b20be43dd2cd6a3690c86217bf574b5ef72c46e189f7622c108c2b0b7ef
L07,Hypothesis testing by convex optimization,Alexander Goldenshluger; Anatoli Juditsky; Arkadi Nemirovski,arXiv:1311.6765v7; 2016 version; original2013,https://arxiv.org/pdf/1311.6765v7,FULL_TEXT_OBTAINED_INTERFACE_ONLY_REVIEW,仅定位统计接口：§2.1/2.2/2.3.1，非整篇应用/aggregation审查,§2.1 PDFp3 assumptions; Theorem2.1 p4; §2.3.1 Gaussian pp5-7尤其p6 closest-pair/minimax normal-tail discussion,good observation scheme；nonempty convex compactX/Y；Gaussian known common Σ positive-definite；closest pair attained,singlevector observation，可为固定calendar的全史记录；设计与mean/covariance先固定,参数属于convexmeansets；统计集合不独占physicaldriftcalendar创新,fixedaffine detector from closest Mahalanobis pair；fixed threshold；不含data-dependentcalendar,singleexperimentmaxerror；normal-tail Φ(-d/2)；shiftthreshold可导出uniform power at PFA α,Gaussianclosestpair给精确minimax最大风险；本文§2.3.1明确指出standardchangeofvariables及更早前史,当前fixed calendarGaussianinterface可直接借用；无界nuisance需另证attainment/quotient；timebudget/calendarsharpbound不由interface单独给出,DIRECT_COVERAGE_OF_GAUSSIAN_CLOSEST_SET_TEST_AS_CLASSICAL_TOOL,closedconvex但两侧unbounded不自动保证closestpair；covariance health-dependent/non-Gaussian/adaptive calendar不能直接套用,只审接口；精确asymmetricpower是共同Σ最近对+Neyman-Pearson的直接推论，未宣称generalnearoptimaltheorem给所有exactrisks,work/literature_20261007/convex_1311.6765.pdf,dbc82a4a5779e982c450716e61b398128d041ee33e5fb6399667a5cd5c225577,outputs/problem_contract_v1.md,2026-10-07 v1 raw M0,99519b20be43dd2cd6a3690c86217bf574b5ef72c46e189f7622c108c2b0b7ef
L08,Hypothesis Testing via Affine Detectors,Anatoli Juditsky; Arkadi Nemirovski,arXiv:1604.02576; downloadedcurrentPDF31pages,https://arxiv.org/pdf/1604.02576,FULL_TEXT_OBTAINED_INTERFACE_ONLY_REVIEW,§3.2.3 Proposition3.3/3.4及完整短proof；非整篇quadraticdetectors审查,§3.2.3 PDFpp12-13 eq(12)-(21); Proposition3.4 p13,nonempty closed convex mean Uχ，一侧compact；covariance families compact convex positive-definite；symmetriccommoncovariancefamily；specializeknown Σ singleton,oneGaussianvector；means/covarianceranges固定；symmetric saddlepoint；不做adaptiveexperiment,mean/covariance属于known convex sets；不指定pathdriftcalendar,affine detector from saddle point；normal-tail refinement；subGaussiancase只有exponentialriskbound,single-observation Gaussian uniform tail；δ=d/2时midpoint风险≤Φ(-δ)；nearestsimplepair给反向界,Proposition3.4给两侧Gaussianquantile界，specialknownΣ最近对接口为已知工具,本项目若fixeddesign共Σ可直接使用；非linearreadout/errorcertificate或parametercovariance须另付保护，不自动exact,DIRECT_COVERAGE_OF_AFFINE_GAUSSIAN_RISK_INTERFACE,健康/假设相关covariance与dataselecteddirection不满足specializedexactinterface；原Prop3.4 thresholdrestrictions需注意,未审其他quadratic/subGaussian章节；无界meansetattainment由本项目另证,work/literature_20261007/affine_1604.02576.pdf,b9c550d4e47215e49f4bb8d13eea005ced15b1421aafa86687c7e2a153a78808,outputs/problem_contract_v1.md,2026-10-07 v1 raw M0,99519b20be43dd2cd6a3690c86217bf574b5ef72c46e189f7622c108c2b0b7ef
L09,Effects of feedback on active fault detection,Alireza Esna Ashari; Ramine Nikoukhah; Stephen L. Campbell,Automatica48(2012):866-872; DOI10.1016/j.automatica.2012.02.020,https://www.sciencedirect.com/science/article/pii/S0005109812000714,PUBLISHER_SNIPPETS_ONLY_NOT_FULL_THEOREM_REVIEW,出版社abstract/introduction/conclusion/snippets；HAL访问拒绝；不以摘要升级定理核查,publisherIntroduction; sectionsnippetsFeedback and energy/linearquadraticcost; Conclusion；无可核全文theoremnumber,未取得全文完整条件；publisher节选涉及linearmodels与bounded uncertainty,publisher节选：closed-loop辅助signal设计；全文条件未核,bounded uncertainty节选；完整nuisance量词未核,节选涉及linearfeedback及auxiliaryinput；不能据此还原全部策略类,未取得完整定理；不推断currentPFA/power或physicalH,不填定理结论；仅确认相关primary文献存在并需要继续核查,定理级差异UNREVIEWED，不能依据未出现H^(5/2)排除覆盖,UNRESOLVED_FULL_TEXT_GAP,feedback有用/无用不是可独占创新；结论依赖cost与信息合同；不得snippet当proof,FULL_TEXT_NOT_OBTAINED；HALAnubisdeny；保留后续priority,,,outputs/problem_contract_v1.md,2026-10-07 v1 raw M0,99519b20be43dd2cd6a3690c86217bf574b5ef72c46e189f7622c108c2b0b7ef
L10,Active Robust Fault Detection in Closed-Loop Systems: Quadratic Optimization Approach,Alireza Esna Ashari; Ramine Nikoukhah; Stephen L. Campbell,IEEE TAC57(10)(2012):2532-2544; DOI10.1109/TAC.2012.2188430,https://doi.org/10.1109/TAC.2012.2188430,NOT_OBTAINED_AUTHOR_PUBLICATION_METADATA_ONLY,作者出版目录确认title/venue/pages；IEEE入口418；完整定理未取得,https://sites.google.com/site/aliesnaashari/publica Journalpapers；无全文定位,UNREVIEWED,UNREVIEWED,UNREVIEWED,UNREVIEWED,UNREVIEWED,不填定理结论；primarymetadata仅确认文献身份,UNREVIEWED；须取得全文后再判断覆盖,UNRESOLVED_FULL_TEXT_GAP,不得将相关publisher题目/abstract当排除prior-art证据,FULL_TEXT_NOT_OBTAINED；IEEE418和DOI工具不可访问,,,outputs/problem_contract_v1.md,2026-10-07 v1 raw M0,99519b20be43dd2cd6a3690c86217bf574b5ef72c46e189f7622c108c2b0b7ef
L11,Design and Analysis of Switchback Experiments,Iavor Bojinov; David Simchi-Levi; Jinglong Zhao,arXiv:2009.00148v4; 17 Sep 2025 revision; original2020,https://arxiv.org/pdf/2009.00148v4,FULL_TEXT_OBTAINED_TARGETED_THEOREM_REVIEW,§2-3合同/风险/Theorems1-2及EC.3.6.1关键proof；非79页逐行审查,"Assumptions1-2 pp6-7; regular designs p8; HT estimator/MSE eq(4)-(6) pp10-11; Assumption3,Lemma1,Theorem1 p12; Theorem2 p13 eq(7); EC.3.6.1 pp56-57",非预见潜在结果；已知有限 m-carryover；逐时/assignment potential outcomes 有界；一个 treatment 版本且无 non-compliance；固定 T,随机 assignment path；潜在结果预先确定；数据包含实现的 treatment 与 outcome；regular design 只在预定 randomization points 独立投币,可时变/assignment-dependent 的 bounded potential outcomes；不要求相邻 Lipschitz；对手有 carryover 记忆,regular switchback randomized designs；同时优化 randomization points 与 coins；同硬币面可能保持 treatment，因此randomization不等于实际switch,固定 T；Horvitz-Thompson estimator 对 causal effect 的 worst-case randomization MSE；不是 fixed-H Gaussian PFA/power,"Theorem1 fair coins；Theorem2 显式 subset-selection objective；T=nm,n≥4 时最佳点{1,2m+1,3m+1,...,(n−2)m+1}",当前 M0 calendar 确定、Gaussian噪声、两侧 Lipschitz健康与 growing fault；这里随机化因果估计且 carryover；非完整可用estimand时间不等于真实sensor deadslots,MINIMAX_SWITCHBACK_STRUCTURE_PRIOR_ART; NO_DIRECT_COVERAGE_OF_M0_SHARP_INFORMATION_LOSS,不能把本作降格为数值DP/无结构；不能仅以目标换名分辨，应对齐 adversary、randomization 与 lost measurements,v4主结果编号Theorem2，不能沿用旧版3.3；未审全部randomization CLT/misspecified m结果,work/literature_20261007/switchback_2009.00148v4.pdf,eae4c62f93ecd1258e97b50477dac06fa5a62a56122562fa05980579d4b724bb,outputs/problem_contract_v1.md,2026-10-07 v1 raw M0,99519b20be43dd2cd6a3690c86217bf574b5ef72c46e189f7622c108c2b0b7ef
L12,Optimization of radio astronomical observations using Allan variance measurements,R. Schieder; C. Kramer,arXiv:astro-ph/0105071v1; 2001; publisher题名用heterodyne observations,https://arxiv.org/pdf/astro-ph/0105071,FULL_TEXT_OBTAINED_TARGETED_MODEL_RESULT_REVIEW,§3噪声谱/cutoff/Allan尺度；§4.1 dead time 与 fixed-total-time 方差/最优积分；§4.2 mapping定向定位,§3 pp3-5 eq(5)-(13); §4.1 pp5-7 eq(15)-(17); §4.2 pp7-10；无编号theorem,"radiometric white noise + 随机 power-spectrum drift；物理cutoffs使方差有限；相关展开适用时间域；等长 source/reference integrations；重点β=1,2即谱α=2,3",积分source与reference作差并co-add；缺测真实经过时间，漂移继续；Allan测量提供稳定尺度,随机 drift covariance/spectrum，不是两假设各自 deterministic Lipschitz path,On-Off/Off-On 对称交换；position/beam/frequency switch 与 mapping 等规定观测模式；优化积分时间/效率,固定 total observing time；累计随机variance与ideal radiometric efficiency；不提供uniform Gaussian检测风险,cycle=2T+Td；eq(16)累计variance随T/Td优化且dead time增加漂移；eq(17) ideal efficiency；对称交替减少实际移动为已有结果,真实 dead time/漂移/固定总时长的优化已有；当前signal增长、path-minimax与AR1保留似然、全日历H^(5/2) oracle差未给,DIRECT_PRIOR_ART_FOR_REAL_DEAD_TIME_DRIFT_TIMING_TRADEOFF; NO_DIRECT_M0_SECOND_ORDER_THEOREM,不能声称首次deadtime漂移hold优化；不能把随机谱 drift 与deterministic Lipschitz互换或固定variance当完整Gaussian信息,按取得preprint题名和页码定位；未独立重证全部mapping/color-correlation approximations,work/literature_20261007/schieder_astro-ph0105071.pdf,2dfd2343243337c3aabd6cc7b2b8bfb4adb820db61c6d5a6871b7bee9e3f518a,outputs/problem_contract_v1.md,2026-10-07 v1 raw M0,99519b20be43dd2cd6a3690c86217bf574b5ef72c46e189f7622c108c2b0b7ef
L13,The stability of spectroscopic instruments: A unified Allan variance computation scheme,Volker Ossenkopf,arXiv:0712.4335; A&A2008 related; downloaded13pages,https://arxiv.org/pdf/0712.4335,FULL_TEXT_OBTAINED_TARGETED_MODEL_RESULT_REVIEW,§4.2 Allan尺度与§5完整观测优化表达；非全文实验验证审查,§4.2 pp7-8 eq(14)-(18); §5 pp10-11 eq(23)-(27); p11 second-order observing loops；无编号theorem,radiometric + stochastic drift power law；0<α<3，α=1需单独log表达；等长source/reference；physical deadtime；有限cutoff尺度；定义新Allan time,symmetric reference-source-source-reference integrations；variance以Allan谱与真实deadtime计算,随机谱漂移与correlated measurements；非全称bounded-rate健康对手,对称observing schemes及second-order loops；固定模式内优化phase length；不证明任意M0 calendar最优,given total observing time；最小总variance/rms相对ideal instrument；非exactPFA/power,eq(26) fixed-total-time variance；eq(27) optimumphase root；推广α与对称ABBA/second-order drift correction；不是只给经验规则,同样有真实dead time与固定总时间但信号/漂移谱/variance目标不同；无Lipschitz path inf或growingfault oracle information二阶差,DIRECT_PRIOR_ART_FOR_SYMMETRIC_DRIFT_COMPENSATION_AND_TIMING; NO_DIRECT_M0_SHARP_LOSS,不能以“他们无deadslots”区分；Allan time定义与谱α必须同步；ABBA消线性趋势不等于整个Lipschitz类,未独立重证全部观测variance推导/实验；α=1不能直接代通式,work/literature_20261007/ossenkopf_0712.4335.pdf,67be5ae3f51e118e33f4e0c9ae4101c0f7d4823a8d70f2dc3e1460f0116c9cd1,outputs/problem_contract_v1.md,2026-10-07 v1 raw M0,99519b20be43dd2cd6a3690c86217bf574b5ef72c46e189f7622c108c2b0b7ef
L14,Trend robust two-level factorial designs,Ching-Shui Cheng; David M. Steinberg,Biometrika78(2)(1991):325-336; DOI10.1093/biomet/78.2.325,https://academic.oup.com/biomet/article-abstract/78/2/325/232157,PUBLISHER_ABSTRACT_ONLY_NOT_FULL_THEOREM_REVIEW,出版社abstract与作者publications metadata；未取得PDF,publisherAbstract；原文theorem/section UNREVIEWED,全文UNREVIEWED；publisher摘要明确提AR(1) error 与time-series trend，不能概括成只多项式,UNREVIEWED,全文UNREVIEWED；抽象层有time-series trend,UNREVIEWED；摘要提two-level factorial run orders,UNREVIEWED,不填定理；仅primary摘要确认此近邻涉及序列相关趋势,定理覆盖UNREVIEWED；不能以摘要排除M0,UNRESOLVED_TREND_ROBUST_FULL_TEXT_GAP,不得把所有trend-robust design当有限维polynomial；无全文时不标NO_COVERAGE,publisher purchase/PDF；作者旧论文目录无下载；未对外联系,,,outputs/problem_contract_v1.md,2026-10-07 v1 raw M0,99519b20be43dd2cd6a3690c86217bf574b5ef72c46e189f7622c108c2b0b7ef
L15,Minimum Cost Trend-Free Run Orders of Fractional Factorial Designs,D. C. Coster; Ching-Shui Cheng,Annals of Statistics16(1988):1188-1205; DOI10.1214/aos/1176350955,https://projecteuclid.org/journals/annals-of-statistics/volume-16/issue-3/Minimum-Cost-Trend-Free-Run-Orders-of-Fractional-Factorial-Designs/10.1214/aos/1176350955.full,NOT_OBTAINED_AUTHOR_INSTITUTION_METADATA_ONLY,Berkeley作者publication list与Purdue1987报告目录；Euclid安全检查拦截；未取得全文,https://www.stat.berkeley.edu/~cscheng/publications.htm item35; https://www.stat.purdue.edu/research/technical-reports/1987/ item46；无theoremlocator,UNREVIEWED,UNREVIEWED,UNREVIEWED,UNREVIEWED,UNREVIEWED,不填定理；primary目录只确认身份,定理级cost/trend模型与M0差异UNREVIEWED,UNRESOLVED_SWITCHING_TREND_DESIGN_FULL_TEXT_GAP,题名已提醒cost与trend并非空白，但未取得定理不能排除coverage,Euclidsecuritycheck；Purdue目录只有contact获取指引；未发送外部消息,,,outputs/problem_contract_v1.md,2026-10-07 v1 raw M0,99519b20be43dd2cd6a3690c86217bf574b5ef72c46e189f7622c108c2b0b7ef
